Department,repo,Accordion,Back Link,Breadcrumbs,Button,Character count,Checkboxes,Cookie Banner,Date input,Details,Error message,Error summary,Fieldset,File upload,Footer,Header,Inset text,Notification banner,Panel,Phase banner,Radios,Select,Skip link,Summary list,Table,Tabs,Tag,Text input,Textarea,Warning text,Task list,Nunjucks,HTML,TypeScript,React,ERb,Slim,FreeMarker,HAML,EJS,Markdown
alphagov,govwifi-product-page,0,0,1,1,0,0,0,0,0,0,0,1,0,1,1,1,0,0,1,1,0,0,0,1,0,1,1,0,0,0,0,0,0,0,1,0,0,0,0,0
alphagov,document-download-frontend,0,0,0,1,0,0,0,0,0,0,0,0,0,0,1,0,0,0,0,0,0,0,0,0,0,0,0,0,0,0,0,1,0,0,0,0,0,0,0,0
alphagov,digital-buying-guide,1,0,0,1,0,0,0,0,0,0,0,1,0,1,0,0,0,0,1,1,0,1,0,0,0,1,0,0,0,0,0,1,0,0,0,0,0,0,0,0
alphagov,govuk-coronavirus-local-lockdown-prototype,0,1,1,1,0,0,0,0,0,0,1,0,0,1,1,1,0,0,1,0,0,0,0,0,0,0,1,0,0,0,0,1,0,0,0,0,0,0,0,0
alphagov,govuk-prototype-kit-docs,0,0,0,0,0,0,0,0,0,0,0,0,0,0,0,0,0,0,0,0,0,0,0,0,0,0,0,0,0,0,0,0,0,0,0,0,0,0,0,0
alphagov,govwifi-admin,0,1,0,1,0,1,0,0,1,1,1,1,1,1,1,1,0,1,1,1,1,1,0,1,0,1,1,1,1,0,0,0,0,0,1,0,0,0,0,0
alphagov,re-request-an-aws-account,0,1,0,1,0,0,0,0,0,1,1,1,0,1,1,0,0,1,1,1,0,1,0,1,0,1,1,1,0,0,0,0,0,0,1,0,0,0,0,0
alphagov,pay-direct-debit-demo,0,0,0,0,0,0,0,0,0,0,1,0,0,0,0,1,0,1,0,0,0,0,0,1,0,0,0,0,0,0,1,0,0,0,0,0,0,0,0,0
alphagov,govuk-prototype-kit-private-beta,0,0,0,0,0,0,0,0,0,0,0,0,0,1,1,0,0,0,0,0,0,0,0,0,0,0,0,0,0,0,0,1,0,0,0,0,0,0,0,0
alphagov,paas-admin,0,0,1,1,0,1,1,1,1,1,1,1,0,1,1,1,0,1,0,1,1,1,1,1,1,1,1,1,0,0,0,0,1,0,0,0,0,0,0,0
alphagov,digitalmarketplace-admin-frontend,0,0,1,1,0,0,0,0,0,0,1,0,0,0,0,0,0,0,1,0,0,0,0,0,1,0,0,0,0,0,0,1,0,0,0,0,0,0,0,0
alphagov,coronavirus-support-service-prototype,1,0,1,1,0,0,0,1,0,1,0,1,0,1,1,0,0,0,1,0,0,0,1,1,0,1,1,1,1,0,0,1,0,0,0,0,0,0,0,0
alphagov,govuk-content-publisher-prototype,0,1,1,1,0,1,0,1,1,1,1,1,1,1,1,1,0,0,1,1,1,0,1,1,1,1,1,1,0,0,1,1,0,0,0,0,0,0,0,1
alphagov,govwifi-dashboard,0,0,0,0,0,0,0,0,0,0,0,0,0,0,0,0,0,0,0,0,0,0,0,0,0,0,0,0,0,0,0,0,0,0,0,0,0,0,0,0
alphagov,govuk-explore-prototype-3,1,1,0,0,0,0,0,0,0,0,0,0,0,0,1,0,0,0,0,0,0,0,0,0,0,0,1,0,0,0,0,1,0,0,0,0,0,0,0,0
alphagov,digitalmarketplace-user-frontend,0,0,1,1,0,1,0,0,0,0,1,1,0,0,0,0,0,0,1,1,0,0,0,0,0,0,1,0,0,0,0,1,0,0,0,0,0,0,0,0
alphagov,fn4g-tool,0,1,0,1,0,0,0,0,0,0,1,1,0,1,1,0,0,0,1,1,0,1,0,1,0,1,1,0,0,1,0,0,0,0,1,0,0,0,0,0
alphagov,pay-tech-docs,0,0,0,0,0,0,0,0,0,0,0,0,0,0,0,0,0,0,0,0,0,0,0,0,0,0,0,0,0,0,0,0,0,0,0,0,0,0,0,0
alphagov,connecting-to-verify-prototype,0,1,1,1,0,1,0,0,1,0,1,1,1,1,1,0,0,0,0,1,0,0,1,1,0,1,1,1,1,1,0,1,0,0,0,0,0,0,0,0
alphagov,dmp-components-prototype,0,0,1,0,0,0,0,0,0,0,0,0,0,1,1,0,0,0,0,1,1,0,0,0,0,0,1,0,0,0,0,1,0,0,0,0,0,0,0,0
alphagov,govuk-explore-prototype,1,1,1,0,0,0,0,0,0,0,0,0,0,1,1,0,0,0,0,0,0,0,0,0,1,0,0,0,0,0,0,1,0,0,0,0,0,0,0,0
alphagov,focus-state-prototype,1,1,1,1,1,1,0,1,1,1,0,1,0,1,1,1,0,1,0,1,1,0,1,0,1,0,1,1,1,0,0,1,0,0,0,0,0,0,0,0
alphagov,govuk-explore-prototype-2,1,1,1,0,0,0,0,0,0,0,0,0,0,0,1,0,0,0,0,0,0,0,0,0,1,0,0,0,0,0,0,1,0,0,0,0,0,0,0,0
alphagov,govwifi-tech-docs,0,0,0,0,0,0,0,0,0,0,0,0,0,0,0,0,0,0,0,0,0,0,0,0,0,0,0,0,0,0,0,0,0,0,0,0,0,0,0,0
alphagov,digitalmarketplace-prototype-sign-agreement,0,1,1,1,0,1,0,0,0,0,0,1,0,1,1,1,0,1,0,1,0,0,1,0,0,0,1,0,0,0,0,1,0,0,0,0,0,0,0,0
alphagov,isf-assessment-tool-prototype,0,1,1,1,0,1,0,0,1,0,0,1,0,1,1,1,0,0,0,1,0,0,0,1,0,0,1,1,0,0,0,1,0,0,0,0,0,0,0,0
alphagov,govuk-prototype-kit-docs-express,0,1,1,1,0,1,0,0,0,0,0,1,0,1,1,0,0,1,1,1,0,0,1,1,0,1,1,0,0,1,0,1,0,0,0,0,0,0,0,1
alphagov,api-catalogue,0,0,0,0,0,0,0,0,0,0,0,0,0,1,1,0,0,0,0,0,0,1,0,0,0,1,1,0,0,0,0,0,0,0,1,0,0,0,0,0
alphagov,pay-user-support,0,0,1,1,0,0,0,0,1,0,1,1,0,1,1,1,0,0,1,1,0,0,0,1,0,1,1,1,0,0,1,0,0,0,0,0,0,0,0,0
alphagov,digitalmarketplace-brief-responses-frontend,0,0,1,1,1,0,0,0,0,0,1,0,0,0,0,0,0,0,1,0,0,0,1,1,0,0,0,0,0,0,0,1,0,0,0,0,0,0,0,0
alphagov,easy-google-analytics,0,0,0,0,0,0,0,0,0,0,0,0,0,1,1,0,0,0,0,0,0,1,0,0,0,0,0,0,0,0,0,1,0,0,0,0,0,0,0,0
alphagov,govuk-transition-checker-prototype,0,1,1,1,0,1,0,0,1,1,1,1,0,1,1,1,0,0,1,1,0,0,0,0,0,1,0,0,0,0,1,1,0,0,0,0,0,0,0,0
alphagov,co-eu-transition-dashboard,1,1,1,1,0,1,0,1,1,0,1,1,1,1,1,0,0,1,1,1,1,0,1,1,1,1,1,1,1,0,1,1,0,0,0,0,0,0,0,0
alphagov,re-rotas,0,0,1,1,0,1,0,0,1,1,0,1,0,0,1,0,0,0,1,1,1,1,1,1,0,1,1,1,1,0,0,0,0,0,1,0,0,0,0,0
alphagov,pe-charts,0,0,0,0,0,0,0,0,0,0,0,0,0,1,1,0,0,0,0,0,0,0,0,1,0,0,0,0,0,0,0,1,0,0,0,0,0,0,0,1
alphagov,explore-prototype-4,1,1,0,0,0,0,0,0,0,0,0,0,0,0,1,0,0,0,0,0,0,0,0,0,0,0,1,0,0,0,0,1,0,0,0,0,0,0,0,0
alphagov,shielded-service-prototype,1,1,1,1,0,0,0,1,1,1,0,1,0,1,1,1,0,1,1,1,1,0,1,1,0,1,1,1,1,0,0,1,0,0,0,0,0,0,0,0
alphagov,digitalmarketplace-supplier-frontend,0,0,1,1,1,0,0,0,0,1,1,1,0,0,0,0,0,1,1,1,1,0,1,1,0,1,1,0,1,1,1,1,0,0,0,0,0,0,0,0
alphagov,team-metrics-frontend,0,0,1,1,0,0,0,0,1,0,0,0,0,0,1,0,0,0,1,0,0,0,0,1,0,0,0,0,0,0,0,1,0,0,0,0,0,0,0,0
alphagov,di-ipv-atp-playbox,1,1,0,1,0,0,0,1,1,0,1,1,0,1,1,0,0,0,1,1,0,0,1,0,0,1,1,1,0,0,1,0,0,0,0,0,0,0,0,0
alphagov,paas-product-pages,0,0,1,1,0,0,0,0,0,0,0,0,0,1,1,0,0,0,0,0,0,0,0,0,0,0,0,0,0,0,0,0,1,0,0,0,0,0,0,0
alphagov,govuk-prototype-kit,1,0,1,1,0,0,0,0,1,0,0,0,0,1,1,0,0,0,0,0,0,0,0,0,1,0,0,0,0,1,0,1,0,0,0,0,0,0,0,1
alphagov,govuk_publishing_components,0,1,1,1,1,1,1,1,1,1,1,1,1,1,1,1,1,1,1,1,1,1,1,1,1,1,1,1,1,0,0,0,0,0,1,0,0,0,0,0
alphagov,govuk-prototype-kit-docs-investigation,0,0,0,1,0,0,0,0,1,0,0,0,0,1,1,0,0,0,1,0,0,0,0,1,0,1,1,0,0,0,1,0,0,0,0,0,0,0,0,0
alphagov,tech-docs-gem,0,0,0,0,0,0,0,0,0,0,0,0,0,1,1,0,0,0,0,0,0,1,0,0,0,1,1,0,0,0,0,0,0,0,1,0,0,0,0,0
alphagov,pay-product-page,0,0,1,1,0,0,0,0,0,0,0,1,0,1,1,1,0,0,0,1,0,1,0,1,0,0,0,0,0,0,0,0,0,0,1,0,0,0,0,0
alphagov,govuk-design-system,1,1,1,1,1,1,1,1,1,1,1,1,1,1,1,1,1,1,1,1,1,1,1,1,1,1,1,1,1,1,1,0,0,0,0,0,0,0,0,0
alphagov,pay-dependabot-stats,0,0,0,0,0,0,0,0,0,0,0,0,0,0,0,0,0,0,0,0,0,0,0,0,0,0,0,0,0,0,0,0,0,0,0,0,0,0,0,0
alphagov,digitalmarketplace-buyer-frontend,0,0,1,1,0,1,0,0,1,1,1,1,0,0,1,1,0,0,1,1,0,0,1,1,0,1,1,0,0,1,0,1,0,0,0,0,0,0,0,0
alphagov,notifications-admin,0,1,0,1,0,1,0,0,1,1,0,1,0,1,1,1,0,0,0,1,0,1,0,0,0,0,1,0,0,0,1,1,0,0,0,0,0,0,0,0
alphagov,pay-frontend,0,0,0,1,0,0,0,1,0,1,1,1,0,1,1,1,0,0,0,1,1,0,0,1,0,0,1,0,0,0,1,0,0,0,0,0,0,0,0,0
alphagov,pay-selfservice,0,1,1,1,1,1,0,1,1,1,1,1,0,1,1,1,1,1,1,1,1,0,1,1,1,1,1,1,1,1,1,0,0,0,0,0,0,0,0,0
alphagov,pay-agreement-frontend-prototype,0,0,1,1,0,0,0,0,0,0,0,1,0,1,1,0,0,0,0,1,0,0,0,0,0,0,0,0,0,0,0,1,0,0,0,0,0,0,0,0
alphagov,digitalmarketplace-prototype-dos-guidance,0,1,1,1,1,0,0,0,0,0,0,1,0,1,1,0,0,0,0,1,0,0,1,0,0,0,1,1,0,1,0,1,0,0,0,0,0,0,0,0
alphagov,procurement-prototype,0,1,1,1,0,1,0,0,0,0,0,1,0,1,1,1,0,0,0,1,0,0,1,0,0,0,1,0,0,0,0,1,0,0,0,0,0,0,0,0
alphagov,rails-starter-app,0,0,0,0,0,0,0,0,0,0,0,0,0,1,1,0,0,0,0,0,0,1,0,0,0,0,0,0,0,0,0,0,0,0,1,0,0,0,0,0
alphagov,verify-self-service,1,1,0,1,0,1,0,0,1,1,1,1,1,1,1,1,0,0,1,1,1,1,1,1,1,1,1,1,1,0,0,0,0,0,1,0,0,0,0,0
alphagov,govuk-content-publisher-prototype-old,0,1,1,1,0,1,0,1,1,0,0,1,1,1,1,1,0,1,1,1,1,0,1,0,1,1,1,1,1,0,1,1,0,0,0,0,0,0,0,0
alphagov,rails-lambda-spike,0,0,0,1,0,0,0,0,0,0,0,0,0,1,1,0,0,0,0,0,0,1,0,1,0,0,0,0,0,0,0,0,0,0,1,0,0,0,0,0
alphagov,govuk-explore-prototype-2b,0,0,0,0,0,0,0,0,1,0,0,0,0,0,0,0,0,0,0,0,0,0,0,0,0,0,0,0,0,0,1,0,0,0,0,0,0,0,0,0
alphagov,pay-toolbox,0,1,0,1,1,1,0,1,1,0,1,1,1,1,1,0,0,1,0,1,1,0,1,1,0,1,1,0,1,0,1,0,1,0,0,0,0,0,0,0
alphagov,gds-nodejs-boilerplate,0,0,0,0,0,0,0,0,0,0,0,0,0,1,0,0,0,0,0,0,0,0,0,0,0,0,0,0,0,0,1,0,0,0,0,0,0,0,0,0
alphagov,verify-product-page,0,0,1,0,0,0,0,0,0,0,0,0,0,1,1,1,0,0,0,0,0,1,0,0,0,0,0,0,0,0,0,0,0,0,1,0,0,0,0,0
alphagov,pay-products-ui,0,0,0,1,0,0,0,0,0,1,1,0,0,1,1,1,0,1,0,0,0,0,0,1,0,0,1,0,0,0,1,0,0,0,0,0,0,0,0,0
alphagov,govuk-explore-prototype-1b,1,1,1,0,0,0,0,0,0,0,0,0,0,1,1,0,0,0,0,0,0,0,0,0,1,0,0,0,0,0,0,1,0,0,0,0,0,0,0,0
alphagov,isf-assess-the-strength-of-your-checks-rails,0,0,0,1,0,1,0,0,1,0,1,1,0,1,1,1,0,0,0,1,0,1,0,1,0,0,1,0,0,0,0,0,0,0,1,0,0,0,0,0
alphagov,verify-rd-trust-framework-collection,0,0,1,0,0,0,0,0,0,0,0,0,0,1,1,0,0,0,0,0,0,0,0,0,0,0,0,0,0,0,0,1,0,0,0,0,0,0,0,0
alphagov,product-page-example,0,0,1,1,0,0,0,0,0,0,0,0,0,1,1,0,0,0,1,0,0,1,0,0,0,1,1,1,0,0,0,0,0,0,1,0,0,0,0,0
alphagov,isf-assess-the-strength-of-your-checks,0,1,1,1,0,1,0,0,1,1,1,1,0,1,1,1,0,0,0,1,0,0,0,1,0,0,1,0,0,0,1,1,0,0,0,0,0,0,0,0
alphagov,paas-submit,0,0,1,1,1,1,0,0,0,0,0,1,0,1,1,0,0,0,1,1,1,1,0,0,0,1,1,1,0,0,0,0,1,0,0,0,0,0,0,0
alphagov,di-authentication-frontend,0,0,0,1,0,0,0,0,1,0,1,0,0,0,1,1,0,1,1,0,0,0,0,0,0,0,1,0,0,0,1,0,0,0,0,0,0,0,0,0
alphagov,gaap-assistive-tech-research-prototype,1,1,1,1,0,1,0,0,1,0,1,1,1,0,1,1,1,1,1,1,0,0,1,0,1,1,1,1,0,1,0,1,0,0,0,0,0,0,0,1
alphagov,govuk-account-prototype,1,1,1,1,0,0,0,0,1,0,0,1,0,1,1,1,1,0,1,1,1,1,0,1,1,0,1,0,0,1,1,1,0,0,0,0,0,0,0,1
alphagov,digitalmarketplace-design-patterns,0,1,1,0,0,0,0,0,0,0,0,0,0,1,1,0,0,0,0,0,0,0,0,0,0,0,0,0,0,0,0,1,0,0,0,0,0,0,0,0
alphagov,digitalmarketplace-briefs-frontend,0,0,1,1,0,0,0,0,0,1,1,1,0,0,1,0,0,0,1,1,0,0,1,1,1,1,1,0,1,1,0,1,0,0,0,0,0,0,0,0
alphagov,team-metrics,0,0,1,1,0,0,0,0,1,0,0,0,0,0,1,0,0,0,1,0,0,0,0,1,0,0,0,0,0,0,0,1,0,0,0,0,0,0,0,0
alphagov,pay-direct-debit-frontend,0,1,0,1,0,0,0,0,0,0,1,1,0,1,1,1,0,0,0,1,0,0,0,1,0,0,1,0,0,0,1,0,0,0,0,0,0,0,0,0
digital-land,local-plans-alpha,1,1,1,1,0,1,0,0,1,0,0,0,0,1,1,1,0,1,0,0,1,0,0,1,0,1,0,0,0,0,0,1,0,0,0,0,0,0,0,0
digital-land,frontend,1,0,1,1,0,1,0,0,1,1,0,1,0,1,1,0,0,0,1,0,1,0,1,0,1,1,1,0,0,0,0,1,0,0,0,0,0,0,0,0
digital-land,content-frontend--node-build,0,0,1,1,0,0,0,0,1,0,0,0,0,1,1,0,0,0,1,0,0,0,0,1,0,0,0,0,0,0,1,0,0,0,0,0,0,0,0,0
digital-land,check-your-data-prototype,0,0,1,1,0,0,0,0,0,0,0,1,1,1,1,0,0,0,1,0,0,0,0,0,0,0,0,0,0,0,0,1,0,0,0,0,0,0,0,0
digital-land,infrastructure-funding-statement-prototype,0,0,1,1,0,0,0,0,0,0,0,0,1,0,1,0,0,0,0,0,0,0,0,0,0,0,0,0,0,0,0,1,0,0,0,0,0,0,0,0
dvsa,olcs-static,0,0,0,0,0,0,0,0,0,0,0,0,0,0,0,0,0,0,0,0,0,0,0,0,0,0,0,0,0,0,0,0,0,0,0,0,0,0,0,0
dvsa,mot-prototypes,0,0,0,0,0,0,0,0,0,0,0,0,0,0,0,0,0,0,0,0,0,0,0,0,0,0,0,0,0,0,0,0,0,0,0,0,0,0,0,0
dvsa,ftts-booking-app,0,1,1,1,1,1,0,1,1,1,1,1,0,1,1,1,1,1,1,1,0,1,1,1,1,0,1,1,1,0,1,0,0,0,0,0,0,0,0,0
dvsa,vtm-alpha,0,1,1,1,0,0,0,0,0,0,0,1,0,1,1,0,0,0,0,1,0,0,1,1,0,0,1,0,0,0,0,1,0,0,0,0,0,0,0,0
dvsa,dvsa-design-system,0,0,0,1,0,0,0,0,1,0,0,1,0,1,1,0,0,0,1,1,0,0,0,1,0,1,0,0,0,0,0,1,0,0,0,0,0,0,0,1
dvsa,cvs-myatf,0,1,1,1,0,1,0,1,0,1,1,1,0,1,1,1,0,1,1,1,0,1,0,1,0,1,1,0,1,0,0,1,0,0,0,0,0,0,0,0
dvsa,hvt-atf-availability,0,1,0,1,0,0,0,0,0,1,1,1,0,1,1,1,0,1,0,1,0,1,0,0,0,0,0,0,0,0,1,0,0,0,0,0,0,0,0,0
dvsa,cvs-app-vtm,1,1,0,1,0,1,0,1,0,1,1,1,0,1,1,1,0,0,0,1,1,0,1,1,0,1,1,1,0,0,0,1,0,0,0,0,0,0,0,0
dvsa,cvs-apply-for-vehicle-test,1,1,1,1,1,1,0,1,1,1,1,1,1,1,1,1,0,1,1,1,1,0,1,1,1,1,1,1,0,1,1,1,0,0,0,0,0,0,0,1
dvsa,hvt-nearest-atf,0,1,0,1,0,0,1,0,1,1,1,1,0,1,1,1,0,0,1,1,0,1,0,1,0,1,1,0,0,0,1,0,0,0,0,0,0,0,0,0
dvsa,front-end,0,0,0,1,0,0,0,0,1,0,0,0,0,0,0,1,0,1,0,0,1,0,1,1,0,0,1,1,0,0,1,0,0,0,0,0,0,0,0,0
LandRegistry,index-template,0,1,1,0,0,0,0,0,0,0,0,0,0,1,1,0,0,0,0,0,0,0,0,0,0,0,0,0,0,0,0,1,0,0,0,0,0,0,0,0
LandRegistry,portal-refresh,1,1,1,1,0,1,0,1,1,0,0,1,1,1,1,1,0,0,1,1,1,0,0,1,0,1,1,1,0,0,0,1,0,0,0,0,0,0,0,0
LandRegistry,accessibility-statement-template,0,0,1,0,0,0,0,0,0,0,0,0,0,1,1,0,0,0,0,0,0,0,0,0,0,0,0,0,0,0,0,1,0,0,0,0,0,0,0,0
LandRegistry,practice-prototype-kit,0,0,1,0,0,0,0,0,0,0,0,0,0,1,1,0,0,0,0,0,0,0,0,0,0,0,0,0,0,0,0,1,0,0,0,0,0,0,0,0
LandRegistry,test-kit-01,0,1,1,1,0,0,0,0,0,0,0,1,0,1,1,0,0,1,0,1,0,0,1,0,0,0,0,1,0,0,0,1,0,0,0,0,0,0,0,0
LandRegistry,local-land-charges-prototypes,1,1,1,1,0,1,1,0,1,1,1,1,0,1,1,1,0,1,1,1,1,1,1,1,1,1,1,0,1,1,1,1,0,0,0,0,0,0,0,1
LandRegistry,tap-proto,0,1,1,1,0,0,0,0,0,0,0,0,0,1,1,0,0,1,0,0,0,0,0,1,1,0,1,1,0,0,0,1,0,0,0,0,0,0,0,0
LandRegistry,application-processing-prototype,0,0,0,0,0,0,0,0,0,0,0,0,0,0,0,0,0,0,0,0,0,0,0,0,0,0,0,0,0,0,0,0,0,0,0,0,0,0,0,0
LandRegistry,dps-verification-ui,1,1,0,1,0,1,0,0,1,0,1,1,1,1,1,0,0,0,1,1,1,1,1,1,1,0,1,1,1,0,0,1,0,0,0,0,0,0,0,1
LandRegistry,local-land-charges-prototype,0,1,1,1,0,0,0,1,0,0,1,1,0,1,1,1,0,1,1,0,0,0,0,1,1,1,1,0,1,0,0,1,0,0,0,0,0,0,0,0
LandRegistry,index-portal,0,0,1,0,0,0,0,0,0,0,0,0,0,1,1,0,0,0,0,0,0,0,0,0,0,0,0,0,0,0,0,1,0,0,0,0,0,0,0,0
LandRegistry,hmlr-register-of-services,0,1,0,0,0,0,0,0,0,0,0,0,0,1,1,0,0,0,1,0,0,0,0,0,0,0,0,0,0,0,0,1,0,0,0,0,0,0,0,0
LandRegistry,prototypekit-admin,0,0,1,0,0,0,0,0,0,0,0,0,0,1,1,0,0,0,0,0,0,0,0,0,0,0,0,0,0,0,0,1,0,0,0,0,0,0,0,0
LandRegistry,develop-property-ready-to-sell,0,1,1,1,0,0,0,0,1,0,0,1,1,1,1,1,0,1,1,1,0,0,0,1,0,1,1,1,1,0,0,1,0,0,0,0,0,0,0,0
LandRegistry,digital-street-3d-ui,1,1,1,1,1,1,0,1,1,1,1,1,1,1,1,1,0,1,1,1,1,1,1,1,1,1,1,1,1,0,0,1,0,0,0,0,0,0,0,1
LandRegistry,protect-alpha-prototype,0,1,1,1,0,1,0,0,1,0,0,1,0,1,1,1,0,1,1,1,1,0,0,1,0,1,1,0,1,0,0,1,0,0,0,0,0,0,0,0
LandRegistry,use-land-property-data,1,1,1,1,0,1,0,1,1,0,0,1,0,1,1,1,0,1,1,1,1,1,1,1,1,1,1,1,1,0,0,1,0,0,0,0,0,0,0,0
LandRegistry,dps-prototype,1,1,1,1,0,1,0,1,1,0,1,1,0,1,1,1,0,1,1,1,1,0,1,1,1,1,1,1,1,1,0,1,0,0,0,0,0,0,0,0
LandRegistry,automation-training,0,1,1,1,0,1,0,0,0,0,0,1,1,1,1,0,0,1,0,1,0,0,1,0,0,0,1,1,1,0,0,1,0,0,0,0,0,0,0,0
LandRegistry,remove-applications-from-ap,1,1,1,1,0,0,0,0,1,0,1,1,0,1,1,1,0,1,0,0,1,0,0,0,1,0,1,0,0,1,0,1,0,0,0,0,0,0,0,1
LandRegistry,dps-ulapd-ui,1,1,1,1,1,1,0,1,1,1,1,1,1,1,1,1,0,1,1,1,1,1,1,1,1,1,1,1,1,0,0,1,0,0,0,0,0,0,0,1
LandRegistry,develop-index,0,1,1,0,0,0,0,0,0,0,0,0,0,1,1,0,0,0,0,0,0,0,0,0,0,0,0,0,0,0,0,1,0,0,0,0,0,0,0,0
LandRegistry,PR-private-beta,0,1,1,0,0,1,0,0,1,0,0,0,0,1,1,0,0,0,1,0,0,0,0,1,0,1,0,0,0,0,0,1,0,0,0,0,0,0,0,0
LandRegistry,digital-street-title-ui,0,1,0,1,0,0,0,0,0,0,1,1,0,1,1,0,0,0,1,0,0,1,0,1,0,0,1,0,0,0,0,1,0,0,0,0,0,0,0,0
LandRegistry,AC-PrototypeKit-Setup-Test,0,1,1,1,0,0,0,0,0,0,0,1,0,1,1,0,0,1,0,1,0,0,1,0,0,0,0,1,0,0,0,1,0,0,0,0,0,0,0,0
LandRegistry,govuk-react-prototype-kit,0,0,0,0,0,0,0,0,0,0,0,0,0,0,0,0,0,0,0,0,0,0,0,0,0,0,0,0,0,0,0,0,0,0,0,0,0,0,0,0
LandRegistry,designers-project-anthology,0,1,1,0,0,0,0,0,0,0,0,0,0,1,1,0,0,0,0,0,0,0,0,0,0,0,0,0,0,0,0,1,0,0,0,0,0,0,0,0
LandRegistry,digital-street-sell-part-of-your-property,0,0,1,1,0,0,0,0,1,0,0,0,0,1,1,0,0,1,0,0,1,0,0,0,0,0,1,0,1,0,0,1,0,0,0,0,0,0,0,0
LandRegistry,P381-CRM-Prototyping,1,1,1,1,0,1,0,1,1,0,0,1,1,1,1,1,1,1,1,1,1,0,1,1,0,1,1,1,1,1,0,1,0,0,0,0,0,0,0,0
LandRegistry,index-digital-registration-services,0,1,1,0,0,0,0,0,0,0,0,0,0,1,1,0,0,0,0,0,0,0,0,0,0,0,0,0,0,0,0,1,0,0,0,0,0,0,0,0
LandRegistry,digital-street-prototype,0,1,1,1,0,1,0,0,1,0,1,1,1,1,1,1,0,1,0,1,1,0,0,1,0,0,1,1,1,0,0,1,0,0,0,0,0,0,0,0
LandRegistry,design-system,0,0,1,1,0,1,0,1,0,0,0,1,0,1,1,1,0,0,1,1,1,0,0,1,1,1,1,1,0,0,0,1,0,0,0,0,0,0,0,0
LandRegistry,ucd-index-template,0,0,1,0,0,0,0,0,0,0,0,0,0,1,1,0,0,0,0,0,0,0,0,0,0,0,0,0,0,0,0,1,0,0,0,0,0,0,0,0
LandRegistry,digital-registration-service,0,1,1,1,1,1,0,1,1,0,0,1,0,1,1,1,0,1,1,1,1,1,1,1,1,1,1,1,1,1,0,1,0,0,0,0,0,0,0,0
LandRegistry,govuk-prototype-kit-form-validation,0,0,1,1,0,1,0,1,0,0,0,1,0,1,1,1,0,0,0,1,1,0,0,0,0,0,1,1,0,0,0,1,0,0,0,0,0,0,0,0
Planning-Inspectorate,householder-appeal-prototype,1,1,1,1,0,1,1,1,1,1,1,1,1,1,1,1,1,1,1,1,1,0,1,1,0,1,1,1,1,1,1,1,0,0,0,0,0,0,0,0
cabinetoffice,national-leadership-centre-website,0,0,1,0,0,0,0,0,0,0,0,0,0,0,0,0,0,0,0,0,0,1,0,0,0,0,0,0,0,0,1,0,0,0,0,0,0,0,0,0
cabinetoffice,co-cookie-consent,0,0,0,1,0,0,0,0,0,0,0,0,0,0,0,0,0,0,0,1,0,0,0,1,0,0,0,0,0,0,1,0,0,0,0,0,0,0,0,0
SkillsFundingAgency,das-fat-prototype,0,1,1,1,0,1,0,1,1,1,1,1,0,1,1,1,0,1,1,1,1,0,1,1,1,1,1,0,1,0,0,1,0,0,0,0,0,0,0,0
SkillsFundingAgency,dfc-digital-prototype,1,1,1,1,1,1,0,1,1,1,1,1,0,1,1,1,1,1,1,1,1,1,0,1,1,1,1,1,1,0,0,1,0,0,0,0,0,0,0,0
SkillsFundingAgency,das-standards-versioning-prototype,1,1,1,1,1,1,0,1,1,1,1,1,0,1,1,1,1,1,1,1,1,1,1,1,1,1,1,1,1,1,1,1,0,0,0,0,0,0,0,0
SkillsFundingAgency,das-reserve-funding-prototype,0,1,1,1,0,1,0,0,1,1,1,1,0,1,1,1,0,1,0,1,1,0,1,1,0,1,1,0,1,0,0,1,0,0,0,0,0,0,0,0
SkillsFundingAgency,GAG-Prototype,1,1,1,1,0,1,0,0,1,0,0,1,0,1,1,0,0,0,1,0,1,0,1,1,1,1,1,0,0,0,0,1,0,0,0,0,0,0,0,0
SkillsFundingAgency,das-employer-prototype,1,1,1,1,0,0,0,0,1,1,0,1,0,1,1,1,1,1,1,1,1,0,1,1,0,1,1,0,1,0,0,1,0,0,0,0,0,0,0,0
SkillsFundingAgency,das-qna-config,0,0,0,0,0,0,0,0,0,0,0,0,0,0,0,0,0,0,0,0,0,0,0,0,0,0,0,0,0,0,0,0,0,0,0,0,0,0,0,0
SkillsFundingAgency,das-consolidated-support-prototype,1,1,1,1,0,1,0,0,1,0,0,1,0,1,1,1,0,1,0,1,0,0,1,1,0,0,1,1,1,0,0,1,0,0,0,0,0,0,0,0
SkillsFundingAgency,das-nonlevy-prototype,1,1,1,1,1,1,0,1,1,1,1,1,1,1,1,1,0,1,1,1,1,1,1,1,1,1,1,1,1,1,0,1,0,0,0,0,0,0,0,0
SkillsFundingAgency,sfs-sitedesign,1,0,1,1,0,0,0,0,1,0,0,1,1,0,1,1,1,1,0,1,0,0,0,1,1,1,1,0,1,0,0,1,0,0,0,0,0,0,0,0
SkillsFundingAgency,das-internal-knowledge,1,1,1,1,0,1,0,0,1,0,0,1,1,1,1,1,0,1,1,1,1,0,1,1,1,1,1,1,1,0,0,1,0,0,0,0,0,0,0,0
SkillsFundingAgency,das-registration-prototype-archive,1,1,1,1,0,1,0,0,1,1,1,1,0,1,1,1,0,1,1,1,0,1,1,1,1,1,1,0,1,1,0,1,0,0,0,0,0,0,0,0
SkillsFundingAgency,das-levy-transfer-matching-prototype,1,1,1,1,1,1,0,1,1,1,1,1,0,1,1,1,1,1,0,1,1,0,1,1,1,1,1,1,1,1,0,1,0,0,0,0,0,0,0,0
SkillsFundingAgency,das-interact-design-prototype,0,0,1,0,0,0,0,0,0,0,0,0,0,1,1,0,0,0,0,0,0,0,0,0,0,0,0,0,0,0,0,1,0,0,0,0,0,0,0,0
SkillsFundingAgency,das-employer-funding-rules,0,1,1,1,0,1,0,0,1,0,0,1,0,1,1,1,0,0,1,1,1,1,0,1,0,1,1,0,1,0,0,1,0,0,0,0,0,0,0,0
SkillsFundingAgency,myesf-doc-ex-internal,0,1,1,1,1,1,1,1,1,1,1,1,0,1,1,1,1,1,1,1,1,0,1,1,0,1,1,0,0,0,0,1,0,0,0,0,0,0,0,0
SkillsFundingAgency,das-aed-prototype,0,1,1,1,0,1,0,1,1,1,1,1,0,1,1,1,0,1,1,1,1,0,1,1,0,1,1,0,0,0,0,1,0,0,0,0,0,0,0,0
SkillsFundingAgency,tl-results-prototype,1,1,1,1,0,1,0,1,1,1,1,1,1,1,1,1,1,1,1,1,1,1,1,1,1,1,1,1,1,0,0,1,0,0,0,0,0,0,0,0
SkillsFundingAgency,das-add-and-approve-prototype,1,1,1,1,1,1,0,1,1,1,1,1,1,1,1,1,0,1,1,1,1,0,1,1,1,1,1,1,1,1,0,1,0,0,0,0,0,0,0,0
SkillsFundingAgency,das-commitments-statement-prototype,1,1,1,1,1,1,0,1,1,1,1,1,0,1,1,1,1,1,0,1,1,0,1,1,1,1,1,1,1,0,0,1,0,0,0,0,0,0,0,0
SkillsFundingAgency,das-epao-prototype,1,1,1,1,0,0,0,0,1,1,0,1,0,1,1,1,0,1,0,1,1,0,1,1,1,1,1,0,1,1,0,1,0,0,0,0,0,0,0,0
SkillsFundingAgency,sfs-sitedesign-ToolkitBeta,0,1,1,0,0,0,0,0,0,0,0,0,0,1,1,0,0,1,1,0,0,0,0,0,0,1,1,0,0,0,0,1,0,0,0,0,0,0,0,0
SkillsFundingAgency,DS-DocumentationServicePrototype-Public,0,1,1,1,0,0,0,0,0,0,0,0,0,1,1,0,0,0,0,0,0,0,0,1,0,1,1,0,0,0,0,1,0,0,0,0,0,0,0,0
SkillsFundingAgency,das-incentive-pay-prototype,1,1,1,1,1,1,0,1,1,1,1,1,0,1,1,1,0,1,1,1,1,1,1,1,1,1,1,0,1,0,0,1,0,0,0,0,0,0,0,0
SkillsFundingAgency,dfc-providerportal-prototypes,1,1,1,1,1,1,0,1,1,1,1,1,1,1,1,1,0,1,1,1,1,0,1,1,1,1,1,1,1,1,0,1,0,0,0,0,0,0,0,0
SkillsFundingAgency,tl-marketing-and-communication-prototype,0,0,1,0,0,0,0,0,0,0,0,0,0,0,0,0,0,0,0,0,0,0,0,0,0,0,0,0,0,0,0,1,0,0,0,0,0,0,0,0
SkillsFundingAgency,das-usertesting,0,1,1,1,0,0,0,0,0,1,0,1,0,1,1,1,0,0,0,1,0,0,0,1,0,1,1,0,1,1,0,1,0,0,0,0,0,0,0,0
SkillsFundingAgency,dfc-frontend-patterns,0,1,1,0,0,0,0,0,0,0,0,0,0,1,1,0,0,0,1,0,0,0,0,0,0,1,1,0,0,0,0,1,0,0,0,0,0,0,0,0
SkillsFundingAgency,das-frontend,0,0,1,1,0,1,0,0,1,0,0,1,0,1,1,1,0,0,0,1,0,1,1,1,0,1,1,0,0,1,0,1,0,0,0,0,0,0,0,1
SkillsFundingAgency,das-roatp-prototypes,1,1,1,1,1,1,0,1,1,1,1,1,1,1,1,1,0,1,1,1,1,0,1,1,1,1,1,1,1,1,0,1,0,0,0,0,0,0,0,0
SkillsFundingAgency,das-training-provider-prototype,1,1,1,1,0,0,0,1,1,1,1,1,1,1,1,1,1,1,0,1,1,0,1,1,0,1,1,0,1,0,0,1,0,0,0,0,0,0,0,0
SkillsFundingAgency,myesf-doc-ex-internal-design-history,0,0,1,1,0,0,0,0,0,0,0,0,0,1,1,0,0,0,0,0,0,0,0,0,0,0,0,0,0,0,1,0,0,0,0,0,0,0,0,0
SkillsFundingAgency,irt-prototype,0,1,1,1,1,1,0,1,0,1,1,1,0,1,1,0,0,1,0,1,1,0,1,1,1,0,1,1,1,0,0,1,0,0,0,0,0,0,0,0
SkillsFundingAgency,dfc-providerportal-FAC-prototypes,1,1,1,1,1,1,0,1,1,1,1,1,0,1,1,1,0,0,1,1,1,1,0,1,1,1,1,1,1,0,0,1,0,0,0,0,0,0,0,0
SkillsFundingAgency,das-registration-prototype,1,1,1,1,0,1,0,0,1,1,1,1,0,1,1,1,0,1,1,1,1,0,1,1,1,1,1,1,1,0,0,1,0,0,0,0,0,0,0,0
SkillsFundingAgency,das-pgl-prototype,1,1,1,1,0,0,0,0,1,0,0,1,0,1,1,1,0,0,1,0,1,0,0,1,0,1,1,0,1,0,0,1,0,0,0,0,0,0,0,0
SkillsFundingAgency,das-quality-prototype,0,0,1,0,0,0,0,0,0,0,0,0,0,1,1,0,0,0,0,0,0,0,0,0,0,0,0,0,0,0,0,1,0,0,0,0,0,0,0,0
communitiesuk,epb-frontend,0,1,0,1,0,0,1,0,1,1,1,1,0,1,1,1,0,0,1,1,0,1,1,1,0,1,1,0,1,0,0,0,0,0,1,0,0,0,0,0
communitiesuk,fsd-suitability-funding-prototype,0,1,1,1,0,1,0,1,1,0,0,1,0,1,1,0,0,1,1,1,0,0,0,0,0,1,1,0,0,1,0,1,0,0,0,0,0,0,0,0
communitiesuk,create-a-job-post,0,1,1,1,0,1,0,1,0,0,0,1,0,1,1,0,0,1,0,1,0,0,1,0,0,0,1,1,0,0,0,1,0,0,0,0,0,0,0,0
communitiesuk,community-engagement-playbook,1,0,1,0,0,1,0,0,1,0,0,1,0,1,1,0,0,0,1,0,0,0,0,0,0,0,0,0,0,0,0,1,0,0,0,0,0,0,0,0
communitiesuk,epb-prototypes,0,1,1,1,0,1,0,0,1,1,1,1,0,1,1,1,0,0,1,0,0,0,1,1,0,1,1,0,1,0,0,1,0,0,0,0,0,0,0,0
communitiesuk,foi-submissions,0,0,1,1,0,0,0,0,0,0,0,0,0,0,0,0,0,1,0,0,0,0,0,0,0,0,1,1,0,0,0,0,0,0,1,0,0,0,0,0
communitiesuk,stakeholder-engagement,0,1,1,1,0,1,0,1,0,0,0,1,0,1,1,0,0,0,1,1,1,0,1,1,0,0,1,1,1,0,0,1,0,0,0,0,0,0,0,0
communitiesuk,stakeholder-engagement-frontend,0,1,1,1,0,1,0,1,0,0,0,1,0,1,1,0,0,0,1,1,0,0,0,1,0,0,1,1,0,0,1,0,0,0,0,0,0,0,0,0
communitiesuk,funding-service-design-team,0,0,1,0,0,0,0,0,0,0,0,0,0,1,1,0,0,0,0,0,0,0,0,0,0,0,0,0,0,0,0,1,0,0,0,0,0,0,0,0
dwp,send-fitnote-prototype,0,1,1,1,0,0,0,0,1,0,0,1,1,1,1,1,0,1,0,1,0,0,1,1,0,0,1,0,1,0,0,1,0,0,0,0,0,0,0,0
dwp,dla-child-prototype,0,0,1,0,0,0,0,0,0,0,0,0,0,1,1,0,0,0,0,0,0,0,0,0,0,0,0,0,0,0,0,1,0,0,0,0,0,0,0,0
dwp,move-to-uc-2019,0,1,1,1,0,1,0,0,0,0,0,1,0,1,1,0,0,1,0,1,0,0,0,0,0,1,1,0,0,0,0,1,0,0,0,0,0,0,0,0
dwp,cookies-banner-prototype,0,0,1,1,0,0,0,0,0,0,0,0,0,1,1,0,0,0,0,0,0,0,0,0,0,0,0,0,0,0,0,1,0,0,0,0,0,0,0,0
dwp,bank-maintenance-prototype,0,1,1,1,1,0,0,0,1,1,1,1,0,1,1,1,1,1,1,1,0,0,1,1,0,1,1,0,1,0,0,1,0,0,0,0,0,0,0,0
dwp,Searchlight,0,0,1,0,0,0,0,0,0,0,0,0,0,1,1,0,0,0,0,0,0,0,0,1,1,0,0,0,0,0,1,1,0,0,0,0,0,0,0,0
dwp,debt-management-service-prototype,0,1,1,1,0,0,0,0,0,1,1,1,0,1,1,0,0,1,0,1,0,0,1,1,0,1,1,0,0,0,1,1,0,0,0,0,0,0,0,0
dwp,atw-application-service,0,0,1,0,0,0,0,0,0,0,0,0,0,1,1,0,0,0,0,0,0,0,0,0,0,0,0,0,0,0,0,1,0,0,0,0,0,0,0,0
dwp,report-terminally-ill-patient-prototype,1,1,1,1,1,0,0,1,1,1,1,1,0,1,1,1,1,1,1,1,0,0,1,0,0,1,1,1,1,1,0,1,0,0,0,0,0,0,0,0
dwp,ms-ui-submission,0,1,0,1,1,0,0,1,1,1,1,1,0,1,0,1,0,1,1,1,0,0,1,1,0,1,1,0,1,0,1,0,0,0,0,0,0,0,0,1
dwp,employer-advice-prototype,0,1,1,1,0,0,0,1,0,0,0,1,0,1,1,1,0,0,0,1,0,0,0,0,0,0,1,0,0,0,0,1,0,0,0,0,0,0,0,0
dwp,move-to-uc,0,1,1,1,0,1,0,0,0,0,0,1,0,1,1,0,0,1,0,1,0,0,0,0,0,1,1,0,0,0,0,1,0,0,0,0,0,0,0,0
dwp,newstyleesa-staff,0,1,1,1,0,1,0,1,1,1,1,1,1,1,1,1,0,1,0,1,0,1,1,1,1,0,1,1,1,0,0,1,0,0,0,0,0,0,0,0
dwp,health-application,0,0,1,1,0,1,0,1,1,0,0,1,0,1,1,0,0,1,0,1,0,0,0,0,0,0,1,1,1,0,0,1,0,0,0,0,0,0,0,0
dwp,smi,0,0,1,0,0,0,0,0,0,0,0,0,0,1,1,0,0,0,0,0,0,0,0,0,0,0,0,0,0,0,0,1,0,0,0,0,0,0,0,0
dwp,health-core-components,0,1,1,1,0,1,0,1,0,1,1,1,0,1,1,0,0,1,1,1,0,0,1,1,0,1,1,1,1,1,0,1,0,0,0,0,0,0,0,0
dwp,winter-fuel-prototype,1,1,1,1,0,1,0,1,1,0,1,1,0,1,1,1,0,1,1,1,1,0,1,1,1,1,1,1,1,1,0,1,0,0,0,0,0,0,0,0
dwp,ui-ds1500-frontend,1,1,0,1,1,0,0,1,1,1,1,1,0,1,1,1,0,1,1,1,0,1,1,1,0,0,1,0,1,0,1,1,0,0,0,0,0,0,0,0
dwp,pip-starting,0,1,1,1,0,1,0,1,1,1,1,1,0,1,1,1,0,1,1,1,0,0,1,0,0,1,1,1,0,0,1,1,0,0,0,0,0,0,0,0
dwp,quality-tool,0,1,1,1,0,0,0,0,0,1,1,1,0,1,1,1,0,1,0,1,0,1,0,1,1,1,1,0,1,0,0,1,0,0,0,0,0,0,0,0
dwp,newstylejsa-admin,1,1,0,1,0,1,0,1,1,0,0,1,1,1,1,1,1,1,1,1,1,0,1,1,1,1,1,1,1,0,1,1,0,0,0,0,0,0,0,1
dwp,atw-apply-prototype,0,1,1,1,0,1,0,1,1,0,0,1,0,1,1,1,0,1,1,1,0,0,1,1,1,0,1,1,0,0,0,1,0,0,0,0,0,0,0,1
dwp,ca-prototype-ur,0,1,1,1,0,0,0,1,1,1,1,1,0,1,1,1,0,1,0,1,1,0,1,1,0,1,1,0,0,1,1,1,0,0,0,0,0,0,0,0
dwp,ciaad-prototype,0,1,1,1,0,1,0,1,1,0,0,1,0,1,1,0,0,1,0,1,0,0,1,0,0,1,1,0,1,0,1,1,0,0,0,0,0,0,0,0
dwp,newstyleesa_testing,0,1,1,1,1,1,0,1,1,0,0,1,0,1,1,1,0,1,1,1,0,0,1,1,0,1,1,1,1,0,0,1,0,0,0,0,0,0,0,0
dwp,gysp-citizen,0,1,1,1,0,1,0,0,0,0,0,0,0,1,1,1,0,1,0,1,0,0,1,0,0,1,1,0,1,0,0,1,0,0,0,0,0,0,0,0
dwp,gysp-agent-ui,0,1,0,1,0,0,0,1,0,1,1,1,0,1,1,1,0,1,0,1,1,0,1,1,0,1,1,1,1,0,1,1,0,0,0,0,0,0,0,0
dwp,budgeting-loan-application,0,1,1,1,0,1,0,1,1,1,1,1,0,1,1,1,1,1,1,1,0,0,1,1,0,1,1,0,1,0,0,1,0,0,0,0,0,0,0,0
dwp,gysp-customer-frontend,0,1,0,1,0,1,0,1,1,1,1,1,0,1,1,1,0,1,1,1,1,0,1,1,0,0,1,0,1,0,0,1,0,0,0,0,0,0,0,0
dwp,child-maintenance-prototype,0,1,1,1,0,1,0,1,1,0,0,1,0,1,1,1,0,1,1,1,0,0,0,1,0,0,1,1,0,0,1,1,0,0,0,0,0,0,0,0
dwp,atwis-apply,0,0,1,0,0,0,0,0,0,0,0,0,0,1,1,0,0,0,0,0,0,0,0,0,0,0,0,0,0,0,0,1,0,0,0,0,0,0,0,0
dwp,bank-validation,0,1,1,1,0,0,0,0,1,1,1,0,0,1,1,0,0,1,1,0,0,0,1,1,0,0,1,0,1,0,0,1,0,0,0,0,0,0,0,0
dwp,nsjsa-automation-alpha,1,1,1,1,1,1,0,1,1,0,1,1,0,1,1,1,0,1,1,1,1,0,1,0,0,0,1,0,1,0,0,1,0,0,0,0,0,0,0,0
dwp,archived-newstyleesa-staff,0,1,1,1,0,0,0,0,1,1,1,0,1,1,1,0,0,0,0,0,0,0,1,1,1,0,1,1,0,0,0,1,0,0,0,0,0,0,0,0
dwp,capture-information-about-a-death-prototype,0,0,0,1,0,1,0,1,1,0,1,1,0,1,1,0,0,1,0,1,1,0,0,1,1,1,1,0,1,1,1,1,0,0,0,0,0,0,0,0
dwp,FJ-DC,0,1,1,1,0,1,0,1,0,1,1,1,0,1,1,1,0,1,1,1,1,1,1,1,0,0,1,1,0,0,0,1,0,0,0,0,0,0,0,0
dwp,cmg-portal-prototype,1,1,1,1,1,1,0,0,0,0,0,1,0,1,1,1,0,1,0,1,1,0,1,1,1,1,1,0,1,0,0,1,0,0,0,0,0,0,0,0
dwp,govuk-casa,0,1,0,1,1,1,0,1,0,0,1,1,0,0,1,0,0,0,1,1,0,1,1,0,0,1,1,1,0,1,1,0,0,0,0,0,0,0,0,1
dwp,prototype-kit-view-versioning,0,1,1,1,0,0,0,0,1,0,0,1,0,1,1,0,0,1,0,1,0,0,1,0,0,0,0,0,0,0,0,1,0,0,0,0,0,0,0,0
dwp,uc-tracker-prototype,0,0,1,0,0,0,0,0,0,0,0,0,0,1,1,0,0,0,0,0,0,0,0,0,0,0,0,0,0,0,0,1,0,0,0,0,0,0,0,0
dwp,workmanagement,0,1,1,1,1,1,0,1,1,0,0,1,0,1,1,1,0,1,0,1,0,1,0,1,1,1,1,1,1,0,0,1,0,0,0,0,0,0,0,0
dwp,pip-t,0,1,1,1,0,0,0,0,1,1,1,1,1,1,1,1,0,1,1,1,0,0,1,1,0,0,1,1,1,0,0,1,0,0,0,0,0,0,0,0
dwp,relationships-service-prototype,0,1,1,1,0,0,0,1,0,1,1,1,0,1,1,0,0,1,0,1,0,0,1,0,0,1,1,0,0,0,0,1,0,0,0,0,0,0,0,0
dwp,atw-renewal-prototype,0,1,1,1,0,1,0,1,0,0,0,1,0,1,1,0,0,1,1,1,0,0,0,0,0,0,1,1,1,0,0,1,0,0,0,0,0,0,0,0
dwp,dlac-prototype,1,0,1,0,0,0,0,0,0,0,0,0,0,1,1,0,0,0,0,0,0,0,0,0,0,0,0,0,0,0,0,1,0,0,0,0,0,0,0,0
dwp,atw-coc-prototype,0,1,1,1,1,1,0,1,0,0,0,1,0,1,1,1,0,1,1,1,0,0,1,0,0,0,1,1,1,0,0,1,0,0,0,0,0,0,0,0
dwp,cms-g4s,1,1,1,1,0,0,0,0,0,0,0,1,0,1,1,0,0,0,1,1,0,0,0,0,0,1,0,0,1,0,0,1,0,0,0,0,0,0,0,0
dwp,sdp-prototype,0,1,1,1,0,1,0,0,1,0,0,1,0,1,1,0,0,1,0,1,0,0,0,1,1,1,1,0,0,0,0,1,0,0,0,0,0,0,0,0
dwp,share-information-for-your-blue-badge-application,0,1,1,1,0,1,0,1,1,1,1,1,0,1,1,0,0,1,1,1,0,0,1,0,0,1,1,0,1,0,1,1,0,0,0,0,0,0,0,0
dwp,ca-prototype,0,1,1,1,1,1,0,1,1,1,1,1,0,1,1,1,0,1,0,1,1,0,1,1,0,1,1,1,0,1,1,1,0,0,0,0,0,0,0,0
dwp,kickstart,0,1,1,1,0,0,0,0,0,0,0,1,0,1,1,0,0,0,0,1,0,0,0,0,0,0,1,0,0,0,0,1,0,0,0,0,0,0,0,0
dwp,cms-options,1,1,1,1,0,1,0,0,1,0,0,1,0,1,1,1,1,1,1,1,1,0,0,1,0,1,1,0,0,0,0,1,0,0,0,0,0,0,0,0
dwp,dwp-content-design-manual,0,0,1,0,0,0,0,0,0,0,0,0,0,1,1,0,0,0,0,0,0,0,0,1,1,0,0,0,0,0,0,1,0,0,0,0,0,0,0,0
dwp,ks-payments-prototype,0,0,1,1,0,1,0,1,0,1,1,1,0,1,0,1,1,0,0,1,1,0,0,1,1,1,1,1,0,0,0,1,0,0,0,0,0,0,0,0
dwp,pyca-hrt-review,1,1,1,1,0,0,0,0,1,0,0,1,0,1,1,0,0,0,1,1,1,0,0,0,1,0,0,0,0,1,0,1,0,0,0,0,0,0,0,1
dwp,accessibility-manual,1,0,0,1,0,0,0,0,1,0,0,0,0,1,1,1,0,0,1,0,0,1,0,1,0,1,1,0,0,0,1,1,0,0,0,0,0,0,0,1
dwp,pyca-prototype,1,1,1,1,0,1,0,1,1,0,0,1,0,1,1,1,0,1,1,1,1,0,0,0,1,0,1,0,1,1,0,1,0,0,0,0,0,0,0,1
dwp,atw-upload-prototype,0,1,1,1,0,0,0,0,1,0,1,1,1,1,1,1,0,1,1,1,0,1,1,1,0,1,1,0,1,0,0,1,0,0,0,0,0,0,0,0
dwp,repay-my-debt,1,1,1,1,0,1,0,1,1,1,1,1,0,1,1,1,0,1,1,1,0,0,0,1,0,1,1,0,1,0,0,1,0,0,0,0,0,0,0,0
dwp,pension-age,0,1,1,1,0,0,0,1,0,1,1,1,0,1,1,1,0,1,1,1,1,0,1,1,0,1,1,0,1,0,0,1,0,0,0,0,0,0,0,0
dwp,atw-payment-claims-service,0,1,1,1,1,0,0,1,0,0,0,1,1,1,0,1,0,1,1,1,1,0,1,0,0,0,1,1,1,0,0,1,0,0,0,0,0,0,0,0
dwp,rbc-cc-prototype,0,1,1,1,0,1,0,0,1,1,1,1,0,1,1,1,1,1,1,1,1,0,1,1,1,1,1,1,0,1,0,1,0,0,0,0,0,0,0,0
dwp,health-referral-status,0,1,1,1,0,1,0,0,1,1,0,1,0,1,1,0,0,1,0,1,0,0,1,1,1,1,1,0,0,1,0,1,0,0,0,0,0,0,0,0
dwp,newstylejsa,0,1,1,1,1,1,0,1,1,0,1,1,0,1,1,1,0,1,1,1,1,0,1,1,0,1,1,1,1,0,1,1,0,0,0,0,0,0,0,0
dwp,service-manual,0,0,1,1,0,0,0,0,0,0,0,0,0,1,1,0,0,0,0,0,0,0,0,0,0,0,0,0,0,0,0,1,0,0,0,0,0,0,0,0
dwp,sandbox-dwp-manage-tasks,0,1,1,1,0,1,0,0,1,1,1,1,0,1,1,1,1,1,1,1,1,0,1,1,1,1,1,1,0,1,0,1,0,0,0,0,0,0,0,0
dwp,ca-prototype-ur-2,0,1,1,1,1,1,0,1,1,1,1,1,0,1,1,1,0,1,0,1,1,0,1,1,0,1,1,1,0,1,1,1,0,0,0,0,0,0,0,0
dwp,digiman,0,0,0,0,0,0,0,0,0,0,0,0,0,0,0,0,0,0,0,0,0,0,0,0,0,0,0,0,0,0,0,0,0,0,0,0,0,0,0,0
dwp,sce-cxp-one,1,1,1,1,0,0,0,0,1,1,1,1,0,1,1,1,1,0,1,1,0,0,0,1,0,1,1,1,0,0,0,1,0,0,0,0,0,0,0,0
dwp,add-another,0,1,1,1,0,0,0,1,0,0,0,1,0,1,1,0,0,0,0,1,0,0,1,0,0,0,1,0,0,0,0,1,0,0,0,0,0,0,0,0
dwp,passported-benefits-prototypes,0,1,1,1,0,0,0,1,1,0,0,1,0,1,1,1,0,0,0,0,0,0,0,0,0,0,1,0,0,1,0,1,0,0,0,0,0,0,0,0
dwp,newstyleesa_prototype,1,1,1,1,1,1,0,1,1,0,0,1,0,1,1,1,0,1,1,1,1,1,1,1,0,1,1,1,1,1,0,1,0,0,0,0,0,0,0,0
dwp,ATWIS-prototype,0,0,1,1,0,0,0,0,0,1,0,1,0,1,1,1,0,0,0,1,1,0,0,1,1,0,1,0,0,0,0,1,0,0,0,0,0,0,0,0
dwp,check-what-you-owe,1,1,1,1,0,1,0,1,1,0,1,1,0,1,1,1,0,1,1,1,1,0,1,1,1,0,1,1,1,0,1,1,0,0,0,0,0,0,0,0
dwp,design-system,0,0,0,1,0,0,0,0,0,0,1,1,0,1,0,1,0,0,1,1,0,0,0,1,0,1,0,0,1,0,1,1,0,0,0,0,0,0,0,0
dwp,PIP-new-claims-triage,0,1,1,1,0,0,0,0,1,0,0,1,0,1,1,1,0,0,0,1,0,0,0,1,0,1,0,1,0,1,0,1,0,0,0,0,0,0,0,0
dwp,prs-prototype,1,1,1,1,0,1,0,1,1,0,0,1,0,1,1,1,0,1,1,1,0,0,1,1,1,0,1,1,1,1,1,1,0,0,0,0,0,0,0,1
dwp,atw-pre-app,0,1,1,1,0,0,0,0,0,0,0,1,0,1,1,0,0,1,0,1,0,0,1,0,0,0,0,1,0,0,0,1,0,0,0,0,0,0,0,0
dwp,ukspf-repo,0,1,1,1,1,0,0,0,1,0,0,1,0,1,1,1,0,1,1,1,0,0,1,0,0,1,1,1,0,0,0,1,0,0,0,0,0,0,0,0
dwp,health-atw-csi,0,1,1,1,0,1,1,1,1,1,1,1,0,1,1,1,0,1,1,1,1,0,1,1,1,1,1,1,1,1,0,1,0,0,0,0,0,0,0,0
DFE-Digital,curriculum-materials,0,0,1,1,0,0,0,0,1,0,0,1,0,1,1,1,0,0,1,1,0,1,0,1,1,1,0,0,1,0,0,0,0,0,0,1,0,0,0,0
DFE-Digital,ruby-technical-test,0,0,0,1,0,0,0,0,0,0,0,0,0,1,1,0,0,0,0,0,0,1,0,1,0,0,0,0,0,0,0,0,0,0,1,0,0,0,0,0
DFE-Digital,get-help-to-retrain-prototype,1,1,1,1,1,1,0,1,1,0,0,1,0,1,1,1,0,1,1,1,1,0,1,1,1,1,1,1,1,1,0,1,0,0,0,0,0,0,0,0
DFE-Digital,buying-for-schools-v2,0,0,0,1,0,0,1,0,1,0,1,1,0,1,1,0,1,0,1,1,0,0,1,1,0,0,0,0,0,0,1,0,0,0,0,0,0,0,0,0
DFE-Digital,single-place-for-education-frontend,0,0,1,1,0,0,0,0,0,0,0,0,0,1,1,0,0,0,0,0,0,1,1,0,0,0,0,0,0,0,0,0,0,0,1,0,0,0,0,0
DFE-Digital,teach-in-further-education-design-history,0,0,0,0,0,0,0,0,0,0,0,0,0,0,0,0,0,0,0,0,0,0,0,0,0,0,0,0,0,0,0,0,0,0,0,0,0,0,0,0
DFE-Digital,publish-performance-dashboard-prototype,0,0,1,0,0,0,0,0,0,0,0,0,0,1,1,0,0,0,1,0,0,0,0,1,1,0,0,0,0,0,0,1,0,0,0,0,0,0,0,0
DFE-Digital,dfe-data-provider-hub,0,1,1,1,0,1,0,0,1,1,0,1,0,1,1,1,0,0,0,1,1,0,1,1,1,0,1,1,1,0,1,1,0,0,0,0,0,0,0,0
DFE-Digital,general-hospital-schools-census-prototype,0,1,1,1,0,1,0,0,1,1,0,1,0,1,1,1,0,1,1,1,0,0,1,1,0,1,1,1,1,1,1,1,0,0,0,0,0,0,0,0
DFE-Digital,dfe.ui.toolkit,0,1,0,1,0,0,1,0,0,0,0,0,0,1,1,1,0,0,1,0,0,1,0,0,0,1,1,0,0,0,0,1,0,0,0,0,0,0,0,0
DFE-Digital,remote-education-review-framework-prototype,1,1,1,1,0,0,0,0,1,0,0,1,0,1,1,1,0,1,0,1,1,0,1,1,0,1,1,0,0,1,0,1,0,0,0,0,0,0,0,0
DFE-Digital,early-careers-framework-gov-templates,0,0,0,0,0,0,0,0,0,0,0,0,0,0,0,0,0,0,0,0,0,0,0,0,0,0,0,0,0,0,0,0,0,0,0,0,0,0,0,0
DFE-Digital,nrs-pre-private-beta,0,1,1,1,0,0,0,0,0,0,0,1,0,1,1,1,0,0,1,1,0,0,0,1,0,0,1,0,1,0,0,1,0,0,0,0,0,0,0,0
DFE-Digital,national-professional-qualification,0,0,0,1,0,0,0,0,0,0,0,0,0,1,1,0,0,0,1,0,0,1,1,1,0,1,0,0,0,0,0,0,0,0,0,1,0,0,0,0
DFE-Digital,home-learning-support-prototype,0,0,0,1,0,0,0,0,0,0,0,0,0,1,1,0,0,0,1,0,1,0,0,0,0,0,0,0,0,0,1,0,0,0,0,0,0,0,0,0
DFE-Digital,school-experience-prototype,1,1,1,1,1,1,0,1,1,0,1,1,1,1,1,1,0,1,1,1,1,1,1,1,1,1,1,1,1,1,0,1,0,0,0,0,0,0,0,0
DFE-Digital,get-help-to-retrain,1,0,1,1,0,1,0,1,1,0,1,1,0,1,1,1,0,0,1,1,1,1,0,1,1,1,1,1,0,1,0,0,0,0,1,0,0,0,0,0
DFE-Digital,govuk-rails-boilerplate,0,0,0,1,0,0,0,0,0,0,0,0,0,1,1,0,0,0,0,0,0,1,0,0,0,0,0,0,0,0,0,0,0,0,1,0,0,0,0,0
DFE-Digital,npd-modernisation,0,1,1,1,1,1,0,1,1,0,0,1,0,1,1,1,0,0,1,1,1,0,0,0,0,1,1,1,1,0,0,1,0,0,0,0,0,0,0,0
DFE-Digital,fa-diary-review-prototype,0,0,1,1,0,0,0,0,0,0,0,1,0,1,1,0,0,0,0,1,1,0,0,1,0,0,1,0,0,0,0,1,0,0,0,0,0,0,0,0
DFE-Digital,fa-shortlisting-prototype,0,0,1,1,0,0,0,1,0,0,0,1,0,1,1,0,0,0,0,0,1,0,1,0,0,0,1,0,0,0,0,1,0,0,0,0,0,0,0,0
DFE-Digital,get-teacher-training-adviser-service,0,1,0,1,0,0,0,0,1,0,0,1,0,1,1,0,0,1,1,1,0,1,1,1,0,1,0,0,0,0,0,0,0,0,1,0,0,0,0,0
DFE-Digital,buy-for-your-school-prototypes,1,1,1,1,0,1,0,1,1,0,0,1,0,1,1,0,0,1,1,1,0,0,1,1,1,1,1,1,0,1,0,1,0,0,0,0,0,0,0,0
DFE-Digital,bat-node-prototype,0,0,0,1,0,0,0,0,0,0,0,0,0,0,1,0,0,0,0,0,0,0,0,0,0,0,1,0,0,0,0,1,0,0,0,0,0,0,0,0
DFE-Digital,govuk-ghwt-prototype,0,1,1,1,0,1,0,0,0,1,1,1,0,1,1,1,0,0,1,1,1,0,1,0,0,1,1,1,0,0,1,1,0,0,0,0,0,0,0,0
DFE-Digital,content-prototype,1,0,1,0,0,0,0,0,0,0,0,0,0,1,1,1,0,0,1,0,0,1,0,0,0,1,0,0,0,0,0,0,0,0,0,1,0,0,0,0
DFE-Digital,send-data-developer-hub-prototype,0,0,1,1,0,0,0,0,1,0,0,0,0,1,1,0,0,0,0,0,0,0,0,1,0,1,1,0,0,0,0,1,0,0,0,0,0,0,0,0
DFE-Digital,send-data-ur-surveys,0,0,1,1,0,0,0,0,0,0,0,1,0,1,1,0,0,1,0,0,0,0,0,0,0,0,0,0,0,0,0,1,0,0,0,0,0,0,0,0
DFE-Digital,govuk-design-history,0,0,1,1,0,0,0,0,0,0,0,0,0,1,1,0,0,0,0,0,0,0,0,0,0,0,0,0,0,0,1,0,0,0,0,0,0,0,0,0
DFE-Digital,apply-for-teacher-training,0,0,0,1,0,1,1,0,0,0,1,1,0,1,1,1,1,0,1,0,0,0,1,1,0,0,1,0,1,1,0,0,0,0,1,0,0,0,0,0
DFE-Digital,get-help-with-tech,0,1,0,1,0,1,0,0,0,1,1,1,0,1,1,1,1,1,1,0,0,1,1,1,1,1,0,0,1,0,0,1,0,0,1,0,0,0,0,1
DFE-Digital,publish-teacher-training-prototype,0,1,1,1,1,1,0,1,1,1,1,1,1,1,1,1,1,1,1,1,1,0,1,1,1,1,1,1,1,0,1,1,0,0,0,0,0,0,0,0
DFE-Digital,npd-find-and-explore,0,1,1,1,0,1,0,0,0,1,1,1,1,1,1,1,0,1,1,1,1,1,0,1,0,1,1,0,1,0,0,0,0,0,1,0,0,0,0,0
DFE-Digital,pe-allocations-prototype,0,1,1,1,0,0,0,0,0,0,0,1,0,1,1,1,0,1,1,1,0,0,1,1,0,1,1,0,0,0,0,1,0,0,0,0,0,0,0,0
DFE-Digital,buying-for-schools-admin,0,0,0,0,0,0,0,0,0,0,0,0,0,0,0,0,0,0,0,0,0,0,0,0,0,0,0,0,0,0,0,0,0,0,0,0,0,0,0,0
DFE-Digital,nrs-diagnostic-prototype,1,1,1,1,0,1,0,0,1,0,0,1,0,0,1,1,0,1,0,1,0,0,1,0,0,1,1,0,0,1,0,1,0,0,0,0,0,0,0,0
DFE-Digital,childrens-social-care-placement,0,0,0,1,0,0,0,0,0,0,0,0,0,1,1,0,0,1,1,0,0,1,0,0,0,1,0,0,0,0,0,0,0,0,1,0,0,0,0,0
DFE-Digital,early-career-framework-prototype,1,1,1,1,0,1,0,0,1,0,0,1,1,1,1,1,0,1,1,1,1,0,1,1,1,1,1,1,1,1,0,1,0,0,0,0,0,0,0,1
DFE-Digital,manage-courses-support,0,0,0,1,0,0,0,0,0,1,1,1,0,1,1,0,0,0,0,0,0,1,0,1,0,0,1,0,0,0,0,0,0,0,1,0,0,0,0,0
DFE-Digital,eduk-prototype,0,0,1,0,0,0,0,0,0,0,0,0,0,1,1,0,0,0,0,0,0,0,0,0,0,0,1,0,0,0,0,1,0,0,0,0,0,0,0,0
DFE-Digital,csc-placement-prototype,0,1,1,1,0,1,0,0,0,0,0,1,0,1,1,0,0,1,1,1,1,0,1,0,0,0,1,1,0,0,0,1,0,0,0,0,0,0,0,0
DFE-Digital,govspeak-protoype-kit,0,0,1,0,0,0,0,0,0,0,0,0,0,1,1,0,0,0,1,0,0,1,0,0,0,1,0,0,0,0,0,0,0,0,0,1,0,0,0,0
DFE-Digital,buying-for-schools,0,0,0,1,0,0,0,0,1,0,1,0,0,1,1,1,0,0,1,1,0,0,1,1,0,0,0,0,1,0,1,0,0,0,0,0,0,0,0,0
DFE-Digital,manage-applications,0,1,1,1,0,1,0,1,1,0,0,1,0,1,1,1,0,1,1,1,1,0,0,1,0,1,1,1,0,0,1,1,0,0,0,0,0,0,0,0
DFE-Digital,dfe-covid-content-prototype,1,0,1,1,0,0,0,0,1,0,0,0,0,1,1,0,0,0,0,0,0,0,0,0,1,0,1,0,0,1,0,1,0,0,0,0,0,0,0,1
DFE-Digital,csc-swr-prototype,0,0,0,1,0,0,0,0,0,0,0,0,0,1,1,0,0,0,0,0,0,1,0,0,0,0,0,0,0,0,0,0,0,0,1,0,0,0,0,0
DFE-Digital,nrs-alpha-round-4,0,1,1,1,0,0,0,0,0,0,0,1,0,1,1,1,0,0,1,1,0,0,0,1,0,0,1,0,1,0,0,1,0,0,0,0,0,0,0,0
DFE-Digital,conversions-design-history,0,0,1,1,0,0,0,0,0,0,0,0,0,1,1,0,0,0,0,0,0,0,0,0,0,1,0,0,0,0,1,0,0,0,0,0,0,0,0,0
DFE-Digital,apply-for-teacher-training-prototype,1,1,1,1,1,1,0,1,1,0,1,1,0,1,1,1,1,1,1,1,1,0,1,1,0,1,1,1,1,1,1,0,0,0,0,0,0,0,0,0
DFE-Digital,data-allowances-prototype,1,0,0,1,0,0,0,0,0,0,0,0,0,1,1,1,0,1,1,0,0,1,0,1,0,1,0,0,1,0,0,0,0,0,1,0,0,0,0,0
DFE-Digital,res-design-history,0,0,1,1,0,0,0,0,0,0,0,0,0,1,1,0,0,0,0,0,0,0,0,0,0,0,0,0,0,0,1,0,0,0,0,0,0,0,0,0
DFE-Digital,teaching-vacancies-prototype,1,1,1,1,0,1,0,1,1,1,1,1,1,1,1,1,1,1,1,1,1,1,1,1,1,1,1,1,1,1,0,1,0,0,0,0,0,0,0,0
DFE-Digital,sdd-a2b-internal-service-prototype,0,1,1,1,1,1,0,1,1,0,1,1,0,1,1,1,1,1,1,1,0,1,1,1,0,1,1,1,1,1,0,1,0,0,0,0,0,0,0,0
DFE-Digital,buy-for-your-school,1,1,0,1,0,0,0,0,0,0,0,0,0,1,1,0,1,0,1,1,0,1,1,1,0,1,0,0,1,1,0,0,0,0,1,0,0,0,0,0
DFE-Digital,early-careers-framework,0,0,0,1,0,0,1,0,1,0,1,1,0,1,1,1,1,0,1,0,0,1,1,1,0,1,1,0,0,1,0,0,0,0,1,0,0,0,0,1
DFE-Digital,data-exchange-helpdesk-prototype,0,1,1,1,0,1,0,0,1,0,0,1,0,1,1,1,0,1,1,1,1,0,1,1,1,1,1,1,1,0,1,1,0,0,0,0,0,0,0,1
DFE-Digital,nrs-alpha-1-test-3,0,1,1,1,0,0,0,0,0,0,0,1,0,1,1,1,0,0,0,1,0,0,0,0,0,0,1,0,1,0,0,1,0,0,0,0,0,0,0,0
DFE-Digital,nrs-alpha-round-4-remote,0,1,1,1,0,0,0,0,0,0,0,1,0,0,1,1,0,0,0,1,0,0,0,1,0,0,1,0,1,0,0,1,0,0,0,0,0,0,0,0
DFE-Digital,claim-interface-restructure,0,1,1,1,0,0,0,0,0,0,1,1,0,1,1,1,0,0,0,1,1,0,1,1,0,1,0,1,1,1,0,1,0,0,0,0,0,0,0,0
DFE-Digital,get-into-teaching-app,0,1,0,0,0,1,0,0,0,1,0,1,0,0,0,0,1,1,0,1,0,0,0,0,0,0,1,0,0,0,0,0,0,0,1,0,0,0,0,0
DFE-Digital,claim-additional-payments-for-teaching,0,1,0,1,0,1,1,1,1,1,1,1,1,1,1,1,0,1,1,1,1,1,1,1,1,1,1,1,1,1,0,1,0,0,1,0,0,0,0,0
DFE-Digital,teacher-cpd-design-history,0,0,1,1,0,0,0,0,0,0,0,0,0,1,1,0,0,0,0,0,0,0,0,0,0,1,0,0,0,0,1,0,0,0,0,0,0,0,0,1
DFE-Digital,manage-teacher-training-applications-prototype,0,1,1,1,1,1,0,1,1,0,1,1,0,1,1,1,1,1,1,1,1,0,1,1,0,1,1,1,1,1,1,1,0,0,0,0,0,0,0,0
DFE-Digital,get-into-teaching-design-history,0,0,1,1,0,0,0,0,0,0,0,0,0,1,1,0,0,0,0,0,0,0,0,0,0,0,0,0,0,0,1,0,0,0,0,0,0,0,0,0
DFE-Digital,ecf-engage-and-learn-prototype,1,1,1,1,0,1,0,0,1,1,1,1,0,1,1,1,1,1,1,1,0,0,0,1,1,1,1,0,0,1,0,1,0,0,0,0,0,0,0,1
DFE-Digital,get-help-with-tech-design-history,0,0,1,1,0,0,0,0,0,0,0,0,0,1,1,0,0,0,0,0,0,0,1,0,0,1,0,0,1,0,1,0,0,0,0,0,0,0,0,1
DFE-Digital,find-teacher-training-prototype,1,1,1,1,0,1,0,0,1,0,0,1,0,1,1,1,0,0,1,1,0,0,1,1,0,0,1,0,1,0,1,0,0,0,0,0,0,0,0,0
DFE-Digital,claim-design-system,0,0,0,1,0,1,0,0,1,1,0,1,0,1,1,1,0,0,1,1,0,0,0,1,0,1,1,0,0,0,1,0,0,0,0,0,0,0,0,0
DFE-Digital,csc-swr-ur-prototype,0,1,1,1,0,1,0,1,0,0,0,1,1,1,1,1,0,1,1,1,1,0,1,1,0,1,1,1,1,0,0,1,0,0,0,0,0,0,0,0
DFE-Digital,find-teacher-training,0,0,0,1,0,1,1,0,0,1,1,1,0,1,0,0,0,0,0,1,1,0,0,1,0,0,1,0,0,0,0,0,0,0,1,0,0,0,0,0
DFE-Digital,tech-docs-gem,0,0,0,0,0,0,0,0,0,0,0,0,0,1,1,0,0,0,0,0,0,1,0,0,0,1,1,0,0,0,0,0,0,0,1,0,0,0,0,0
DFE-Digital,bat-design-history-old,0,1,1,1,0,0,0,0,0,0,0,0,0,1,1,1,0,0,0,0,0,0,0,1,0,1,1,0,1,0,1,1,0,0,0,0,0,0,0,0
DFE-Digital,register-trainee-teachers,0,0,0,1,0,1,1,0,1,0,1,1,0,1,1,1,1,1,1,1,1,0,0,1,0,1,1,0,0,1,0,0,0,0,1,0,0,0,0,0
DFE-Digital,prma-webform-prototype,0,1,1,1,0,0,0,0,1,0,1,1,0,1,1,1,0,1,1,1,0,0,1,0,0,1,1,0,0,1,0,1,0,0,0,0,0,0,0,0
DFE-Digital,service-manual,1,0,1,1,0,0,0,0,0,0,0,1,0,1,1,0,0,0,1,1,0,1,0,0,0,1,0,0,0,0,0,0,0,0,1,0,0,0,0,0
DFE-Digital,sdd-concerns-prototype,1,1,1,1,1,1,1,1,1,0,0,1,0,1,0,1,1,0,1,1,1,0,1,1,1,1,1,1,0,1,1,1,0,0,0,0,0,0,0,0
DFE-Digital,publish-teacher-training,0,0,0,1,0,1,0,1,0,1,1,1,0,1,1,0,1,0,1,1,1,1,0,1,1,1,1,1,0,0,0,1,0,0,1,0,0,0,0,0
DFE-Digital,bat-manage-applications-prototype,0,1,1,1,0,1,0,1,1,0,0,1,0,1,1,1,0,1,1,1,1,0,0,1,0,1,1,1,0,0,1,1,0,0,0,0,0,0,0,0
DFE-Digital,bat-apply-prototype,0,1,1,1,1,1,0,1,1,0,0,1,0,1,1,1,0,0,1,1,1,0,0,1,0,1,1,1,0,1,0,1,0,0,0,0,0,0,0,0
DFE-Digital,dfe-apad,0,1,1,1,0,0,0,0,0,1,1,0,0,1,1,1,0,1,1,1,0,0,0,0,0,0,1,1,0,0,0,1,0,0,0,0,0,0,0,0
DFE-Digital,ecf-engage-and-learn,0,0,0,1,0,0,1,0,1,0,1,0,0,1,1,0,1,0,1,0,0,1,0,1,0,1,0,0,1,1,0,0,0,0,1,0,0,0,0,0
DFE-Digital,teaching-vacancies-design-history,0,0,1,1,0,0,0,0,0,0,0,0,0,1,1,0,0,0,0,0,0,0,0,0,0,0,0,0,0,0,1,0,0,0,0,0,0,0,0,0
DFE-Digital,teaching-vacancies,1,0,0,1,1,0,0,0,1,0,0,1,0,1,1,1,1,0,1,1,0,1,1,1,0,1,1,1,0,1,0,1,0,0,0,1,0,0,0,0
DFE-Digital,rollover-allocations-prototype,0,1,1,1,0,0,0,0,0,0,0,0,0,1,1,0,0,0,1,0,0,0,0,0,0,0,0,0,0,0,0,1,0,0,0,0,0,0,0,0
DFE-Digital,get-help-with-tech-prototype,1,1,1,1,0,1,0,0,1,1,0,1,1,1,1,1,0,1,1,1,1,0,1,1,1,1,1,1,1,1,1,1,0,0,0,0,0,0,0,0
DFE-Digital,early-years-foundation-reform,0,1,1,1,0,0,1,0,0,1,0,1,0,1,1,0,0,0,1,1,0,1,0,1,0,1,1,1,0,0,0,0,0,0,1,0,0,1,0,0
DFE-Digital,bat-design-history,0,0,1,1,0,0,0,0,0,0,0,0,0,1,1,1,0,0,0,0,0,0,1,1,0,1,1,0,1,1,1,0,0,0,0,0,0,0,0,1
DFE-Digital,academy-transfers-frontend,0,1,1,1,0,1,0,0,0,0,1,1,0,1,1,1,0,0,0,1,0,1,1,1,1,1,1,0,1,0,0,0,0,0,1,0,0,0,0,0
DFE-Digital,send-data-dev-hub-prototype,0,1,1,1,0,1,0,0,1,1,1,1,0,1,1,1,0,0,1,1,0,0,0,1,1,1,1,0,1,1,0,1,0,0,0,0,0,0,0,0
DFE-Digital,SDD-Academy-Transfers,0,1,1,1,0,1,0,1,1,0,0,1,0,1,1,1,1,0,1,1,0,0,1,1,1,1,1,1,0,0,0,1,0,0,0,0,0,0,0,0
DFE-Digital,buying-for-schools-prototype,0,1,1,1,0,0,0,0,1,0,0,1,0,1,1,1,0,0,0,1,0,0,0,0,1,1,0,0,1,0,0,1,0,0,0,0,0,0,0,0
DFE-Digital,register-trainee-teachers-prototype,0,1,1,1,0,1,0,1,1,0,1,1,0,1,1,1,1,1,1,1,1,1,1,0,1,1,1,1,1,1,1,1,0,0,0,0,0,0,0,0
DFE-Digital,get-help-with-remote-education-cms,0,1,1,1,0,0,1,0,0,1,0,1,0,1,1,0,0,0,1,1,0,1,0,1,0,1,1,1,0,0,0,0,0,0,1,0,0,0,0,0
DFE-Digital,schools-experience,1,1,0,1,0,0,0,0,1,0,1,1,0,1,1,1,0,1,1,1,1,1,1,1,0,1,1,0,1,0,0,0,0,0,1,0,0,0,0,0
DFE-Digital,early-career-framework-beta-prototype,1,1,1,1,0,1,0,0,1,0,1,1,1,1,1,0,0,1,1,1,1,0,0,1,1,1,1,0,1,1,0,1,0,0,0,0,0,0,0,1
DFE-Digital,dfe-mps-prototype,0,1,1,1,0,0,0,0,1,0,0,1,0,1,1,1,0,1,1,1,0,0,1,0,0,1,1,0,0,1,0,1,0,0,0,0,0,0,0,0
DFE-Digital,nrsproto2,0,0,1,1,0,0,0,0,1,0,0,0,0,1,1,1,0,0,0,0,0,0,0,0,0,0,0,0,0,0,0,1,0,0,0,0,0,0,0,0
DFE-Digital,support-for-apply-prototype,0,1,1,1,0,1,0,0,1,0,1,1,0,1,1,0,1,1,1,1,0,0,1,1,0,1,1,1,0,0,1,1,0,0,0,0,0,0,0,0
DFE-Digital,ghbfs-prototype,1,1,1,1,0,1,0,1,1,0,0,1,0,1,1,1,0,1,1,1,0,1,1,1,1,1,1,1,0,1,1,1,0,0,0,0,0,0,0,1
DFE-Digital,eapim-developer-hub,0,0,1,0,0,0,0,0,0,0,0,0,0,1,1,0,0,0,1,0,0,1,0,0,0,1,0,0,0,0,0,1,0,0,0,0,0,0,0,0
DFE-Digital,teach-in-further-education,1,0,0,1,0,0,1,0,0,0,0,0,0,1,1,0,0,0,1,1,1,1,0,0,0,1,0,0,0,0,0,0,0,0,1,0,0,0,0,0
DFE-Digital,early-career-framework-register-prototype,1,1,1,1,0,1,0,1,1,0,0,1,0,1,1,1,1,1,1,1,0,0,1,1,0,1,1,0,1,1,0,1,0,0,0,0,0,0,0,0
DFE-Digital,sdd-design-history,0,0,1,1,0,0,0,0,0,0,0,0,0,1,1,0,0,0,0,0,0,0,0,0,0,0,0,0,0,1,1,0,0,0,0,0,0,0,0,1
DFE-Digital,formbuilder-demo,0,0,0,1,0,0,0,0,0,0,0,0,0,1,1,0,0,0,0,0,0,1,0,0,0,0,0,0,0,0,0,0,0,0,1,0,0,0,0,0
DFE-Digital,curriculum-materials-prototype,1,1,1,1,0,1,0,0,1,0,0,1,0,1,1,1,0,0,1,1,0,0,0,1,1,1,1,0,0,0,0,1,0,0,0,0,0,0,0,0
DFE-Digital,teacher-training-api,0,0,0,1,0,0,0,0,0,0,0,1,0,1,1,0,1,0,1,0,0,0,0,1,0,1,1,0,0,0,0,0,0,0,1,0,0,0,0,0
DFE-Digital,eduk-cms-spike,0,0,0,0,0,0,0,0,0,0,0,0,0,1,1,0,0,0,0,0,0,1,0,0,0,0,0,0,0,0,0,0,0,0,1,0,0,0,0,0
DFE-Digital,sdd-services-prototype,0,1,1,1,0,1,0,1,1,0,1,1,0,1,1,1,1,0,1,1,1,0,1,1,1,1,1,1,1,1,1,1,0,0,0,0,0,0,0,0
DFE-Digital,npq-registration,0,0,0,1,0,0,1,0,1,0,0,0,0,1,1,0,0,0,0,0,0,1,0,1,0,0,0,0,0,0,0,0,0,0,1,0,0,0,0,0
DEFRA,waste-control-prototype,0,1,1,1,0,0,0,0,0,0,0,1,0,1,1,0,0,1,0,1,1,0,0,0,0,0,1,0,0,0,0,1,0,0,0,0,0,0,0,0
DEFRA,ffc-elm-apply,0,0,1,1,0,0,0,0,0,0,0,1,0,0,1,1,0,0,0,0,0,0,0,1,0,0,1,0,0,0,1,0,0,0,0,0,0,0,0,0
DEFRA,flood-app,0,1,0,1,0,1,0,0,1,0,1,1,0,1,1,1,0,0,1,1,0,0,1,1,1,1,1,0,1,0,0,1,0,0,0,0,0,0,0,0
DEFRA,ffc-ce-admin-web,1,0,0,1,0,0,0,0,0,1,0,0,0,0,1,0,0,0,0,0,0,0,1,0,0,0,0,0,0,0,1,0,0,0,0,0,0,0,0,0
DEFRA,nfm-prototype,1,1,1,1,0,1,0,0,1,0,0,1,0,1,1,1,0,1,0,1,0,0,1,1,0,0,1,0,0,0,0,1,0,0,0,0,0,0,0,0
DEFRA,geographical-indications-register-prototype,0,1,1,1,0,1,0,0,1,0,0,1,0,1,1,0,0,0,1,0,1,0,1,1,0,0,1,0,1,0,0,1,0,0,0,0,0,0,0,0
DEFRA,ivory-services,0,0,0,0,0,0,0,0,0,0,0,0,0,0,0,0,0,0,0,0,0,0,0,0,0,0,0,0,0,0,0,0,0,0,0,0,0,0,0,0
DEFRA,ffc-sfi-frontend,0,1,1,1,0,1,0,0,1,1,1,1,0,0,0,1,0,0,0,1,0,0,1,1,0,0,1,0,1,0,1,0,0,0,0,0,0,0,0,0
DEFRA,ffc-ce-web,0,0,0,1,0,0,0,0,0,0,1,0,0,0,1,0,0,1,0,1,0,0,0,1,0,0,1,0,0,0,1,0,0,0,0,0,0,0,0,0
DEFRA,water-abstraction-ui,1,1,0,1,0,1,1,1,1,1,1,1,1,1,1,1,1,1,1,1,1,0,1,1,1,1,1,1,1,0,1,0,0,0,0,0,0,0,0,0
DEFRA,fish-prototype,0,1,1,1,0,1,1,1,1,0,0,1,0,1,1,1,1,1,1,1,1,0,1,1,0,1,1,0,1,0,1,1,0,0,0,0,0,0,0,0
DEFRA,ivory-prototype,0,1,1,1,0,1,0,0,1,1,1,1,1,1,1,1,0,1,1,1,1,1,1,1,0,1,1,1,1,0,0,1,0,0,0,0,0,0,0,0
DEFRA,trade-prototype,0,1,1,1,0,1,0,0,0,0,0,1,0,1,1,1,0,1,0,1,1,0,0,1,0,1,1,0,1,1,0,1,0,0,0,0,0,0,0,0
DEFRA,pattern-library,0,1,1,0,0,0,0,0,0,0,0,0,0,1,1,0,0,0,0,0,0,0,0,0,0,1,0,0,0,1,0,1,0,0,0,0,0,0,0,0
DEFRA,water,0,0,1,0,0,0,0,0,0,0,0,0,0,0,0,0,0,0,0,0,0,0,0,0,0,0,0,0,0,0,0,1,0,0,0,0,0,0,0,0
DEFRA,document-management-system-prototype,1,1,1,1,0,1,0,0,1,0,0,1,0,1,1,0,0,1,1,1,1,0,1,1,1,0,1,1,0,0,1,1,0,0,0,0,0,0,0,0
DEFRA,nfm-v2-prototype,0,1,1,1,0,0,0,0,1,0,0,0,0,1,1,1,0,0,1,0,0,0,0,0,0,1,1,0,0,0,0,1,0,0,0,0,0,0,0,0
DEFRA,ffc-sfi-apply-web,0,1,1,1,0,1,1,0,1,0,1,0,0,1,1,1,1,1,0,1,1,0,1,1,0,1,1,0,0,1,1,0,0,0,0,0,0,0,0,0
DEFRA,ffc-sfi-agreement-viewer,0,0,1,1,0,0,0,0,0,0,0,0,0,1,1,0,0,0,0,0,0,0,0,0,0,0,0,0,0,0,1,0,0,0,0,0,0,0,0,0
DEFRA,plant-exports-prototype,0,1,1,1,1,1,0,1,1,1,1,1,1,1,1,1,0,1,1,1,1,0,1,1,1,1,1,1,1,1,0,1,0,0,0,0,0,0,0,0
DEFRA,digital-form-builder-engine,0,0,0,1,0,1,0,1,1,0,1,1,0,0,0,1,0,0,0,1,1,0,0,0,0,0,1,1,0,0,0,1,0,0,0,0,0,0,0,0
DEFRA,digital-form-builder,0,1,0,0,0,0,0,1,0,0,0,1,0,0,1,0,0,0,1,0,0,0,0,1,0,0,0,0,0,0,0,1,0,0,0,0,0,0,0,0
DEFRA,ffc-digital-form-builder,0,1,0,0,0,0,0,1,0,0,0,1,0,0,1,0,0,0,1,0,0,0,0,1,0,0,0,0,0,0,0,1,0,0,0,0,0,0,0,0
DEFRA,internal-services,0,0,1,1,0,0,0,0,0,0,0,0,0,1,1,0,0,0,0,0,0,0,0,1,0,0,0,0,0,0,0,1,0,0,0,0,0,0,0,0
DEFRA,ffc-pr-calculator,0,1,0,1,0,0,1,0,0,0,0,0,0,1,1,0,1,1,0,1,0,0,1,1,0,0,1,0,0,0,1,0,0,0,0,0,0,0,0,0
DEFRA,ffc-sfi-map-web,0,1,1,1,0,0,1,0,0,0,0,0,0,1,1,0,1,0,0,1,1,0,1,1,0,0,1,0,0,0,1,0,0,0,0,0,0,0,0,0
DEFRA,international-waste-shipments-frontend-training,0,1,0,1,0,0,0,0,1,0,1,1,0,0,1,1,0,0,1,1,0,0,0,1,0,0,1,0,0,0,1,1,0,0,0,0,0,0,0,0
DEFRA,openrivermarkers,0,1,1,1,0,0,0,0,0,0,0,1,0,1,1,1,0,0,0,1,0,0,0,0,0,0,1,0,0,0,0,1,0,0,0,0,0,0,0,0
DEFRA,ffc-grants-eoi,0,1,1,1,0,0,0,0,0,0,1,0,0,0,1,1,0,1,0,1,0,0,1,0,0,0,1,0,1,0,1,0,0,0,0,0,0,0,0,0
DEFRA,defra.github.io,1,1,1,1,1,1,0,1,1,1,1,1,1,1,1,1,0,1,1,1,1,1,1,1,1,1,1,1,1,0,1,1,0,0,0,0,0,0,0,0
DEFRA,environmental-permit-prototype,0,0,1,1,0,1,0,1,1,1,1,1,1,1,1,1,0,1,1,1,1,0,1,1,0,1,1,1,1,1,0,1,0,0,0,0,0,0,0,0
DEFRA,fmfp-prototype,0,1,1,1,0,1,1,0,1,1,1,1,0,1,1,1,0,1,1,1,0,1,1,1,0,1,1,0,1,0,0,1,0,0,0,0,0,0,0,0
DEFRA,echo-certifier-prototype,1,1,1,1,1,1,0,1,1,1,1,1,1,1,1,1,1,1,1,1,1,0,1,1,1,1,1,1,1,0,0,1,0,0,0,0,0,0,0,0
DEFRA,wrls-prototype,1,1,1,1,0,1,1,1,1,1,1,1,1,1,1,1,0,1,1,1,1,0,1,1,1,1,1,1,1,1,1,1,0,0,0,0,0,0,0,0
DEFRA,ffc-grants-fe,0,0,1,1,0,0,0,0,0,0,0,0,0,0,1,0,0,1,0,0,0,0,0,0,0,0,0,0,1,0,1,0,0,0,0,0,0,0,0,0
DEFRA,waste-export-controls-tool,0,1,0,1,0,1,0,0,0,1,0,1,0,0,1,0,0,1,1,1,1,0,1,0,0,0,1,1,1,0,0,1,0,0,0,0,0,0,0,0
DEFRA,mmo-licence-checker,0,1,0,0,0,0,0,1,0,0,0,1,0,0,1,0,0,0,1,0,0,0,0,0,0,0,0,0,0,0,1,0,0,0,0,0,0,0,0,0
DEFRA,dwi-proto,0,0,1,1,0,0,0,1,1,0,0,1,0,1,1,0,0,0,0,1,1,0,0,1,0,0,1,1,0,0,0,1,0,0,0,0,0,0,0,0
DEFRA,grants-prototype,0,1,1,1,1,1,0,0,1,0,0,1,0,1,1,1,0,1,1,1,1,0,1,1,0,1,1,1,1,1,0,1,0,0,0,0,0,0,0,0
DEFRA,gwa-web,1,1,0,1,1,1,0,0,0,1,1,1,1,1,1,1,0,0,1,1,1,0,0,1,0,0,1,0,1,0,1,1,0,0,0,0,0,0,0,0
DEFRA,iws-prototype,0,0,0,0,0,0,0,0,1,0,0,0,0,1,1,0,0,0,0,0,0,0,0,0,0,0,0,0,0,0,0,1,0,0,0,0,0,0,0,0
DEFRA,weee-prototype,0,1,1,1,0,1,0,0,1,1,1,1,1,1,1,0,0,1,1,1,1,0,0,1,0,1,1,1,0,0,0,1,0,0,0,0,0,0,0,0
DEFRA,ffc-grants-frontend,0,1,1,1,0,1,1,0,1,0,1,1,0,1,1,1,1,1,1,1,1,0,1,1,0,0,1,0,1,0,1,0,0,0,0,0,0,0,0,0
DEFRA,fws-app,0,0,0,1,0,0,0,0,0,0,0,0,0,0,1,1,0,0,0,0,1,0,0,1,1,0,1,1,0,0,0,1,0,0,0,0,0,0,0,0
DEFRA,rod-catch-returns-frontend,0,1,0,1,0,1,0,1,1,1,1,1,1,1,1,0,0,1,1,1,1,0,0,1,0,0,1,0,1,0,1,1,0,0,0,0,0,0,0,0
DEFRA,waste-carriers-prototype,0,1,1,1,0,1,0,1,1,1,1,1,0,1,1,1,0,1,1,1,1,0,1,1,0,1,1,0,1,1,0,1,0,0,0,0,0,0,0,0
DEFRA,trade-platform-prototype,0,1,1,1,0,1,0,0,0,0,0,1,0,1,1,1,0,0,1,1,0,0,0,1,0,0,1,0,0,0,0,1,0,0,0,0,0,0,0,0
DEFRA,catch-returns-prototype,0,1,1,1,0,0,0,1,1,0,0,1,0,1,1,1,0,1,0,1,0,0,0,1,0,0,1,0,0,0,0,1,0,0,0,0,0,0,0,0
DEFRA,local-nature-recovery-prototype,1,1,1,1,0,1,0,0,1,0,0,1,0,1,1,1,1,0,0,1,1,0,0,1,0,1,1,0,1,1,0,1,0,0,0,0,0,0,0,0
DEFRA,git-training,0,0,1,1,0,0,0,0,1,0,0,0,0,1,1,1,0,0,0,0,0,0,0,1,0,0,0,0,0,0,0,1,0,0,0,0,0,0,0,0
DEFRA,wex-prototype,1,1,1,1,0,1,0,0,1,1,1,1,0,1,1,1,0,1,1,1,1,0,1,1,0,1,1,1,1,0,0,1,0,0,0,0,0,0,0,0
DEFRA,ffc-sfi-crown-hosting-prototype,0,1,0,1,0,0,0,0,0,0,1,0,0,0,1,0,0,1,0,1,0,0,0,0,0,0,1,1,0,0,1,0,0,0,0,0,0,0,0,0
DEFRA,elm-prototype,1,1,1,1,0,1,0,0,1,1,0,1,1,1,1,1,0,1,0,1,1,0,1,1,1,1,1,1,1,1,0,1,0,0,0,0,0,0,0,0
DEFRA,idm-prototype,1,1,1,1,1,1,0,1,1,1,1,1,0,1,1,1,1,1,1,1,1,0,1,1,1,1,1,0,1,1,0,1,0,0,0,0,0,0,0,0
DEFRA,jaqu-caz-psr-alpha,1,1,1,1,0,1,0,1,1,1,1,1,1,1,1,1,0,1,1,1,0,0,1,1,0,1,1,0,1,1,0,1,0,0,0,0,0,0,0,0
DEFRA,flood-xws-alert-web,0,1,0,1,1,0,0,0,0,0,1,1,0,0,1,1,0,0,1,1,1,0,0,1,0,0,0,0,1,0,0,1,0,0,0,0,0,0,0,0
DEFRA,wtp-glw-prototype,1,1,1,1,1,1,0,1,1,1,1,1,1,1,1,1,1,1,1,1,0,0,1,1,0,1,1,0,1,1,0,1,0,0,0,0,0,0,0,0
DEFRA,cpr-prototype,1,1,1,1,1,1,0,1,1,1,1,1,1,1,1,1,1,1,1,1,1,0,1,1,1,1,1,0,1,1,0,1,0,0,0,0,0,0,0,0
DEFRA,flood-xws-contact-web,0,1,0,1,0,1,0,0,0,0,1,1,0,0,1,1,0,0,1,1,1,0,0,1,0,0,1,0,1,0,0,1,0,0,0,0,0,0,0,0
DEFRA,echo-prototype,1,1,1,1,1,1,1,1,1,1,1,1,1,1,1,1,1,1,1,1,1,1,1,1,1,1,1,1,1,1,0,1,0,0,0,0,0,0,0,0
DEFRA,ltfri-prototype,1,0,1,1,0,0,0,0,1,0,0,1,0,1,1,1,0,0,0,0,0,0,0,0,0,0,1,0,1,0,0,1,0,0,0,0,0,0,0,0
DEFRA,hapi-web-boilerplate,0,0,0,0,0,0,0,1,0,0,0,1,0,0,1,0,0,0,0,0,0,0,0,0,0,0,0,0,0,0,0,1,0,0,0,0,0,0,0,0
DEFRA,ivory,0,1,0,1,0,1,0,0,1,0,1,1,1,1,1,1,0,1,1,1,0,0,1,0,0,1,1,1,0,0,0,1,0,0,0,0,0,0,0,0
DEFRA,ffc-demo-payment-web,0,1,1,1,0,0,0,0,0,0,0,0,0,1,1,0,0,0,0,0,0,0,0,1,0,0,0,0,1,0,1,0,0,0,0,0,0,0,0,0
DEFRA,ffc-sfi-pocs,0,0,1,1,0,0,0,0,0,0,0,0,0,0,0,0,0,0,0,0,0,0,0,0,0,0,0,0,1,0,1,0,0,0,0,0,0,0,0,0
DEFRA,public-register-of-documents-frontend,0,1,0,1,1,1,0,0,0,0,1,1,0,0,1,0,0,1,1,1,1,0,1,0,0,0,1,0,0,0,1,0,0,0,0,0,0,0,0,0
DEFRA,flood-landing-page,1,0,1,1,0,0,0,0,0,0,0,0,0,1,1,1,0,1,0,0,1,0,0,1,1,0,1,0,0,0,0,1,0,0,0,0,0,0,0,0
DEFRA,ffcp-guidance-proto,1,1,1,1,0,1,0,0,1,0,0,0,0,1,1,1,0,0,0,0,1,0,0,1,0,0,1,0,1,0,0,1,0,0,0,0,0,0,0,0
DEFRA,ffc-demo-web,0,0,1,1,0,0,1,0,0,0,0,0,0,1,1,0,1,1,0,1,0,0,0,1,0,0,0,0,1,0,1,0,0,0,0,0,0,0,0,0
mcagov,beacons-webapp,0,1,1,1,1,1,1,1,1,1,1,1,0,1,1,1,1,1,1,1,1,1,1,1,0,1,1,1,1,0,0,1,1,0,0,0,0,0,0,0
mcagov,mca-droits-beta-fe,0,1,1,1,0,1,0,1,1,1,1,1,1,1,1,1,0,1,1,1,1,0,1,1,1,1,1,1,1,0,1,1,0,0,0,0,0,0,0,0
UKGovernmentBEIS,beis-spl-common,0,1,0,0,0,0,0,0,0,0,0,0,0,1,1,0,0,0,1,0,0,0,0,1,0,0,0,0,0,0,1,0,0,0,0,0,0,0,0,0
UKGovernmentBEIS,cosmetics-prototype-poisonous-ingredients,0,1,1,1,0,0,0,1,1,0,0,1,1,1,1,0,0,0,0,1,0,0,0,1,1,0,1,0,0,0,0,1,0,0,0,0,0,0,0,0
UKGovernmentBEIS,Industrial-Strategy,0,0,1,1,1,0,0,0,0,0,0,0,0,1,1,0,0,1,0,1,1,0,0,0,0,1,0,1,0,0,1,1,0,0,0,0,0,0,0,0
UKGovernmentBEIS,Covid-ventilators,0,1,1,1,0,1,0,1,0,1,1,1,0,1,1,0,0,1,0,1,1,1,0,1,0,0,1,1,0,0,0,1,0,0,0,0,0,0,0,0
UKGovernmentBEIS,beis-spl-planner,0,1,0,1,1,1,0,1,1,0,1,1,0,1,1,1,0,1,1,1,1,0,1,1,1,0,1,0,0,0,1,0,0,0,0,0,0,0,0,0
UKGovernmentBEIS,cosmetics-guidance,0,0,1,0,0,0,0,0,0,0,0,0,0,1,1,0,0,0,0,0,0,0,1,0,0,0,0,0,0,0,0,1,0,0,0,0,0,0,0,0
UKGovernmentBEIS,nanomaterial-flow,0,1,1,1,0,0,0,1,0,0,0,1,1,1,1,1,0,1,0,1,0,0,1,0,0,0,1,0,0,0,0,1,0,0,0,0,0,0,0,0
UKGovernmentBEIS,beis-spl-alpha-prototype,1,1,1,1,0,1,0,1,0,0,1,1,0,1,1,0,0,1,0,1,1,0,1,1,1,0,1,1,0,0,1,1,0,0,0,0,0,0,0,0
UKGovernmentBEIS,beis-opss-shared-web,0,0,1,0,0,1,0,1,0,1,1,1,0,1,1,0,0,0,0,1,1,1,0,1,1,0,1,1,0,0,0,0,0,0,0,1,0,0,0,0
UKGovernmentBEIS,BRE_DigitalRegulationNavigator_Alpha,0,1,1,1,1,1,1,1,1,1,1,1,1,1,1,1,1,1,1,1,1,1,1,0,0,1,1,1,1,1,0,1,0,0,0,0,0,0,0,0
UKGovernmentBEIS,transparency-db-admin-portal,0,1,1,1,1,1,1,1,1,1,1,1,1,1,1,0,0,1,1,1,1,1,1,1,1,1,1,1,0,0,0,0,0,0,0,0,0,0,1,0
UKGovernmentBEIS,keycloak-theme-govuk,0,1,0,1,0,1,0,0,0,1,1,0,0,1,1,0,0,0,0,0,0,1,0,1,0,0,1,0,0,0,0,0,0,0,0,0,1,0,0,0
UKGovernmentBEIS,beis-report-official-development-assistance,0,1,0,1,0,0,0,1,0,0,1,1,0,1,1,1,0,1,1,0,1,1,1,1,1,1,1,0,0,0,0,0,0,0,0,0,0,1,0,0
UKGovernmentBEIS,beis-cosmetics-prototype,0,1,1,1,0,1,0,1,1,0,1,1,1,1,1,0,0,1,1,1,1,0,0,1,1,0,1,0,0,0,0,1,0,0,0,0,0,0,0,0
UKGovernmentBEIS,beis-ets-prototype,0,1,1,1,0,1,0,1,1,0,1,1,1,1,1,1,0,1,0,1,1,1,1,1,1,1,1,1,1,1,1,1,0,0,0,0,0,0,0,0
UKGovernmentBEIS,Covid-complaints,0,1,0,1,1,1,0,1,1,1,1,1,0,1,1,0,0,1,1,1,0,1,1,0,0,1,1,0,0,0,1,1,0,0,0,0,0,0,0,0
UKGovernmentBEIS,beis-spl-eligibility-tool,0,1,0,1,1,0,0,1,0,0,1,1,0,1,1,1,0,1,1,1,0,0,0,1,0,0,1,0,0,0,1,0,0,0,0,0,0,0,0,0
UKGovernmentBEIS,beis-opss-psd,0,1,0,1,0,1,0,0,1,0,1,1,1,1,1,1,0,0,1,1,0,1,1,1,0,1,1,0,1,0,0,0,0,0,1,1,0,0,0,0
UKGovernmentBEIS,rpr-alpha-phase-prototype1,1,1,0,1,0,0,0,0,1,1,1,1,0,1,1,1,0,0,1,1,1,1,0,1,1,1,1,0,0,0,0,0,1,0,0,0,0,0,0,0
UKGovernmentBEIS,beis-odart-alpha-frontend,0,0,0,0,0,0,0,0,0,0,0,0,0,0,0,0,0,0,0,0,0,0,0,0,0,0,0,0,0,0,0,0,0,0,0,0,0,0,0,0
UKGovernmentBEIS,cosmetics-manual-journey-updates,1,1,1,1,0,0,0,1,1,1,1,1,1,1,1,1,0,0,0,1,0,0,1,1,0,0,1,0,1,0,0,1,0,0,0,0,0,0,0,0
UKGovernmentBEIS,product-safety-database-prototypes,1,1,1,1,1,1,0,1,1,1,1,1,1,1,1,0,1,1,1,1,1,0,1,1,1,0,1,1,0,1,0,1,0,0,0,0,0,0,0,0
UKGovernmentBEIS,beis-primary-authority-register-prototype,1,0,1,1,0,1,0,0,1,0,0,1,1,1,1,1,0,0,0,1,0,0,0,1,1,0,1,1,1,1,0,1,0,0,0,0,0,0,0,1
UKGovernmentBEIS,transparency-db-publicsearch-portal,1,1,0,1,1,1,1,1,0,1,1,1,0,1,1,1,0,1,1,1,0,1,1,1,0,1,1,1,0,0,0,0,0,0,0,0,0,0,1,0
UKGovernmentBEIS,energy-label-service,0,1,1,1,0,0,1,0,1,1,1,1,0,1,1,1,1,1,1,1,1,1,0,1,0,1,1,0,0,0,0,0,0,0,0,0,1,0,0,0
UKGovernmentBEIS,beis-mspsds-design-prototype,1,1,1,1,0,1,0,1,1,0,0,1,1,1,1,1,0,0,1,1,1,0,1,1,1,0,1,1,1,1,0,1,0,0,0,0,0,0,0,0
DFID,devtracker-from-api,0,0,1,0,0,0,0,0,1,0,0,0,0,1,0,1,0,0,0,0,0,0,0,1,0,0,0,0,0,0,0,0,0,0,1,0,0,0,0,0
hmcts,pet-et3,0,1,1,1,0,1,0,1,0,0,0,1,0,1,1,1,0,1,0,1,0,0,0,0,0,0,1,1,0,0,0,1,0,0,0,0,0,0,0,0
hmcts,pui-prototype,1,1,1,1,0,1,0,1,1,1,1,1,1,1,1,1,0,1,1,1,1,1,1,1,1,1,1,1,1,0,0,1,0,0,0,0,0,0,0,0
hmcts,manage-organisations,0,1,1,1,0,1,0,0,1,1,1,1,1,1,1,1,0,1,0,1,0,0,1,1,1,1,1,0,1,0,0,1,0,0,0,0,0,0,0,0
hmcts,juror-public-frontend,0,1,0,1,1,1,0,1,1,1,1,1,0,1,1,1,0,1,1,1,0,1,1,1,0,1,1,0,1,0,1,0,0,0,0,0,0,0,0,0
hmcts,pui-jeg,0,1,1,1,0,1,0,0,0,0,0,1,0,1,1,0,0,0,0,1,0,1,0,1,1,1,1,1,0,0,1,1,0,0,0,0,0,0,0,0
hmcts,cet-frontend,0,0,0,1,0,0,0,0,0,0,0,0,0,1,1,0,0,0,0,0,0,0,0,0,0,0,0,0,0,0,0,1,0,0,0,0,0,0,0,0
hmcts,hwf-publicapp,0,0,0,1,0,1,1,1,1,1,1,1,0,1,1,0,1,0,1,1,0,1,1,1,0,1,1,1,1,0,0,0,0,0,1,1,0,0,0,0
hmcts,probate-govuk-pages-prototype,0,0,1,1,0,0,0,0,1,0,0,0,0,1,1,1,0,0,1,0,0,0,0,1,1,1,1,0,1,0,0,1,0,0,0,0,0,0,0,0
hmcts,unspec-rpa-pact-cli,0,0,0,0,0,0,0,0,0,0,0,0,0,0,0,0,0,0,0,0,0,0,0,0,0,0,0,0,0,0,0,0,0,0,0,0,0,0,0,0
hmcts,express-template-test,0,0,0,0,0,0,0,0,0,0,0,0,0,0,0,0,0,0,0,0,0,0,0,0,0,0,0,0,0,0,0,0,0,0,0,0,0,0,0,0
hmcts,protected-characteristics-prototype,0,1,1,1,0,1,0,1,1,0,0,1,0,1,1,0,0,1,1,1,0,0,0,0,0,0,1,1,0,0,0,1,0,0,0,0,0,0,0,0
hmcts,probate-caveats-frontend,0,0,0,1,0,0,0,1,1,1,1,1,0,1,1,1,0,1,1,1,1,0,1,1,0,1,1,0,1,0,1,1,0,0,0,0,0,0,0,0
hmcts,adoption-frontend-prototype,0,0,1,0,0,0,0,0,0,0,0,0,0,1,1,0,0,0,0,0,0,0,0,0,0,0,0,0,0,0,0,1,0,0,0,0,0,0,0,0
hmcts,cet-prototype,0,0,1,1,0,0,0,0,0,0,0,0,0,1,1,0,0,0,0,0,0,0,0,0,0,0,0,0,0,0,0,1,0,0,0,0,0,0,0,0
hmcts,poc-ccd-intergration,0,0,0,1,0,1,0,0,0,0,0,1,0,0,0,0,0,0,0,1,0,0,0,1,1,0,0,0,0,0,1,1,0,0,0,0,0,0,0,0
hmcts,sscs-cor-frontend,0,1,0,1,0,0,0,0,1,0,1,1,1,0,1,1,0,0,1,1,0,0,1,1,0,0,1,1,0,0,0,1,0,0,0,0,0,0,0,0
hmcts,service-pay-screens-prototype-v1,0,1,1,1,0,0,0,0,1,1,1,1,0,1,1,1,0,0,0,1,0,0,0,1,0,0,1,0,0,0,0,1,0,0,0,0,0,0,0,0
hmcts,publiclaw,0,1,1,1,0,1,0,1,1,0,0,1,1,1,1,1,0,1,1,1,1,0,0,1,1,1,1,1,1,1,0,1,0,0,0,0,0,0,0,0
hmcts,ccpay-web-component,0,1,1,1,0,0,0,0,0,0,1,1,0,1,1,1,0,0,1,1,1,0,0,1,0,1,1,1,1,0,0,1,0,0,0,0,0,0,0,0
hmcts,frontend,0,0,0,1,0,1,0,1,0,1,1,1,0,0,0,0,0,0,0,1,0,0,0,1,0,0,1,1,0,0,1,1,0,0,0,0,0,0,0,1
hmcts,cmc-citizen-frontend,0,1,0,0,0,0,0,0,1,0,0,0,0,0,0,0,0,0,0,0,0,0,1,0,1,1,0,0,0,1,1,0,0,0,0,0,0,0,0,0
hmcts,probate-frontend,0,0,0,1,0,1,0,1,1,1,1,1,1,1,1,1,0,1,1,1,1,1,1,1,0,1,1,0,1,0,1,1,0,0,0,0,0,0,0,0
hmcts,jui-prototype,1,1,1,1,0,1,0,1,1,0,1,1,1,1,1,1,0,1,0,1,1,1,1,1,1,0,1,1,0,0,1,1,0,0,0,0,0,0,0,0
hmcts,nfdiv-frontend,0,1,0,1,0,1,0,1,1,0,1,1,1,1,1,1,0,1,1,1,1,0,1,1,0,0,1,1,1,0,1,0,0,0,0,0,0,0,0,0
hmcts,rpx-xui-common-lib,1,1,0,1,0,1,1,1,1,1,1,1,1,0,1,1,0,0,0,1,1,0,0,1,0,0,1,1,1,0,0,1,0,0,0,0,0,0,0,1
hmcts,civil-enforcement-prototype,0,1,1,1,0,1,0,0,1,0,1,1,1,1,1,0,0,1,1,1,0,0,0,1,1,0,1,1,1,0,1,1,0,0,0,0,0,0,0,0
hmcts,payment-by-account-prototype-v2,0,1,1,1,0,0,0,0,1,0,0,1,0,1,1,1,0,0,0,1,1,1,0,1,1,0,1,0,1,0,1,1,0,0,0,0,0,0,0,0
hmcts,look-and-feel,0,1,0,1,0,1,0,1,0,1,1,1,0,1,1,0,0,0,1,1,0,0,0,1,0,0,1,1,1,0,1,1,0,0,0,0,0,0,0,0
hmcts,POC-feature-toggling,0,0,0,0,0,0,0,0,0,0,0,0,0,0,0,0,0,0,1,0,0,0,0,0,0,1,0,0,0,0,0,1,0,0,0,0,0,0,0,0
hmcts,jui-jeg,0,1,1,1,0,1,0,0,0,0,0,1,0,1,1,0,0,0,0,1,0,1,0,1,1,1,1,1,0,0,1,1,0,0,0,0,0,0,0,0
hmcts,div-decree-nisi-frontend,0,1,0,1,0,0,0,0,1,1,0,0,0,1,0,1,0,1,1,1,0,0,0,1,0,1,0,0,0,0,1,1,0,0,0,0,0,0,0,0
hmcts,rpa-pui-webapp-test,0,1,0,1,0,0,0,0,0,0,0,0,0,1,1,0,0,1,1,0,1,0,0,0,0,0,1,0,0,0,0,1,0,0,0,0,0,0,0,0
hmcts,ia-aip-frontend,0,1,0,1,0,1,0,1,1,0,1,1,1,1,1,1,0,1,1,1,1,0,1,1,0,1,1,1,0,0,1,0,0,0,0,0,0,0,0,0
hmcts,em-media-viewer,1,0,0,1,0,1,0,1,1,0,1,1,0,0,0,0,1,1,0,0,1,0,0,0,1,1,1,0,0,0,0,1,0,0,0,0,0,0,0,0
hmcts,ccd-admin-web,0,0,0,0,0,0,0,0,0,1,0,1,0,0,0,0,0,0,0,0,0,0,0,0,0,0,0,0,0,0,0,1,0,0,0,0,0,0,0,0
hmcts,govuk-formly-templates,0,0,0,1,0,0,0,0,0,0,0,0,0,0,0,0,0,0,0,0,0,0,0,0,0,0,0,0,0,0,0,1,0,0,0,0,0,0,0,0
hmcts,cmc-cookies-manager,0,0,0,1,0,0,1,0,0,1,0,1,0,0,0,1,1,0,0,1,1,0,0,1,0,0,0,0,0,0,1,0,0,0,0,0,0,0,0,0
hmcts,et_gds_design_system,1,0,0,0,0,0,0,0,0,0,0,0,0,0,0,0,0,0,0,0,0,0,0,0,0,0,0,0,0,0,0,0,0,0,1,0,0,0,0,0
hmcts,wa-proto-frontend,0,0,0,1,0,0,0,0,1,0,0,1,0,0,1,0,0,0,1,1,1,0,1,1,1,1,0,0,0,0,1,0,0,0,0,0,0,0,0,0
hmcts,ia-aip-proto-frontend,0,1,0,1,0,1,0,1,1,0,1,1,1,0,1,1,0,1,1,1,1,0,1,1,1,1,1,1,1,1,0,1,0,0,0,0,0,0,0,0
hmcts,div-petitioner-frontend,0,1,0,1,0,1,0,1,1,1,1,1,0,1,1,1,0,1,1,1,1,0,0,1,0,0,1,1,1,0,0,1,0,0,0,0,0,0,0,0
hmcts,div-decree-absolute-frontend,0,1,0,1,0,0,0,0,1,1,0,0,0,1,0,1,0,1,1,0,0,0,0,1,0,1,0,0,1,0,1,1,0,0,0,0,0,0,0,0
hmcts,pip-frontend,0,0,0,1,0,0,0,0,0,0,0,0,0,1,1,1,0,0,0,0,0,0,0,0,0,0,0,0,0,0,1,0,0,0,0,0,0,0,0,0
hmcts,rpx-xui-webapp,1,1,0,1,0,1,0,1,1,1,1,1,0,1,1,1,0,1,1,0,1,0,1,1,0,1,1,0,1,1,0,1,0,0,0,0,0,0,0,0
hmcts,contact-us-prototype,0,0,1,1,0,0,0,0,1,0,0,1,0,1,1,0,0,0,1,1,0,0,0,0,0,0,1,1,0,0,0,1,0,0,0,0,0,0,0,0
hmcts,adoption-frontend,0,0,0,0,0,0,0,0,0,0,0,0,0,0,1,0,0,0,1,0,0,0,0,0,0,1,0,0,0,1,1,0,0,0,0,0,0,0,0,0
hmcts,snl-frontend,0,0,0,1,0,0,0,0,0,0,0,0,0,0,0,0,0,0,0,0,0,0,0,0,0,0,1,0,0,0,0,1,0,0,0,0,0,0,0,0
hmcts,fee-register-prototype,0,1,1,1,0,1,0,1,1,1,1,1,1,1,1,0,0,1,0,1,1,1,0,1,1,0,1,1,1,0,1,1,0,0,0,0,0,0,0,0
hmcts,hwf-staffapp,0,0,0,1,0,1,0,1,1,1,1,1,0,1,1,0,0,1,0,1,1,1,1,1,0,0,1,1,1,0,0,1,0,0,1,1,0,0,0,0
hmcts,rpa-jui-webapp,0,1,1,1,0,1,0,1,1,1,1,1,1,1,1,1,0,1,1,1,1,1,0,1,1,1,1,1,1,1,1,1,0,0,0,0,0,0,0,0
hmcts,fpl-adoption-frontend,0,0,0,0,0,0,0,0,1,0,0,0,0,0,0,1,0,0,0,0,0,0,0,0,0,0,0,0,0,0,0,1,0,0,0,0,0,0,0,0
hmcts,xui-prototype,1,1,1,1,0,1,0,1,1,1,1,1,1,1,1,1,0,1,1,1,1,1,1,1,1,1,1,1,1,0,0,1,0,0,0,0,0,0,0,0
hmcts,incident-response-frontend,0,0,0,0,0,0,0,0,0,0,0,0,0,0,1,0,0,0,0,0,0,0,1,0,0,0,0,0,0,0,1,0,0,0,0,0,0,0,0,0
hmcts,payment-by-account-prototype,0,1,1,1,0,0,0,0,1,0,0,1,0,1,1,1,0,0,0,1,0,1,0,1,1,0,1,0,1,0,1,1,0,0,0,0,0,0,0,0
hmcts,idamprototypeusertesting,0,0,1,1,0,0,0,0,0,1,1,1,0,1,1,0,0,0,1,0,0,0,0,0,0,1,1,0,0,0,0,1,0,0,0,0,0,0,0,0
hmcts,service-pay-screens-prototype,0,1,1,1,0,0,0,0,1,1,1,1,0,1,1,1,0,1,0,1,0,0,0,1,0,0,1,0,0,0,0,1,0,0,0,0,0,0,0,0
hmcts,rpa-em-bundling-webapp,0,0,0,1,0,1,0,0,0,1,0,0,0,1,1,0,0,1,0,0,0,0,0,1,0,0,1,1,0,0,0,1,0,0,0,0,0,0,0,0
hmcts,fpl-prototype,0,0,1,1,0,0,0,0,0,0,0,0,0,1,1,0,0,0,1,0,1,0,0,1,1,1,0,0,0,0,0,1,0,0,0,0,0,0,0,0
hmcts,fee-register-prototype-v3,0,1,1,1,0,1,0,0,1,0,0,1,1,1,1,1,0,1,0,1,1,1,0,1,1,0,1,1,1,0,1,1,0,0,0,0,0,0,0,0
hmcts,rpx-xui-approve-org,0,1,0,1,0,1,0,0,0,1,1,0,1,1,1,0,0,1,1,1,0,0,1,1,1,1,0,0,1,0,1,1,0,0,0,0,0,0,0,0
hmcts,payment-by-account-prototype-v1,0,1,1,1,0,0,0,0,1,0,0,1,0,1,1,1,0,0,0,1,0,1,0,1,1,0,1,0,1,0,1,1,0,0,0,0,0,0,0,0
hmcts,webappclonejui,0,1,1,1,0,1,0,1,1,1,1,1,1,1,1,1,0,1,1,1,1,1,0,1,1,1,1,1,1,0,1,1,0,0,0,0,0,0,0,0
hmcts,fact-frontend,0,1,0,1,0,0,1,0,0,1,1,1,0,1,1,1,0,0,1,1,0,0,1,1,0,0,1,0,1,0,1,0,0,0,0,0,0,0,0,0
hmcts,ia-expressjs-template-test,0,0,0,0,0,0,0,0,0,0,0,0,0,0,0,0,0,0,0,0,0,0,0,0,0,0,0,0,0,0,0,0,0,0,0,0,0,0,0,0
hmcts,design-system,0,0,0,1,0,1,0,1,0,0,1,1,0,1,1,0,0,0,1,1,0,0,0,1,0,1,1,1,0,0,1,1,0,0,0,0,0,0,0,0
hmcts,nfdiv-prototype,0,1,1,1,1,1,0,1,1,0,0,1,1,1,1,1,0,1,1,1,1,0,1,0,0,1,1,1,1,1,0,1,0,0,0,0,0,0,0,0
hmcts,pcq-frontend,0,1,0,1,0,1,0,1,1,1,1,1,0,1,1,0,0,1,1,1,1,0,1,1,0,1,1,1,0,0,1,1,0,0,0,0,0,0,0,0
hmcts,expressjs-template,0,0,0,0,0,0,0,0,0,0,0,0,0,0,0,0,0,0,0,0,0,0,0,0,0,0,0,0,0,0,0,0,0,0,0,0,0,0,0,0
hmcts,prd-pui-registration,0,1,0,1,0,1,0,1,0,1,1,1,0,0,0,0,0,0,1,1,0,0,0,0,1,1,1,1,0,0,1,1,0,0,0,0,0,0,0,0
hmcts,sscs-submit-your-appeal,0,1,0,1,0,1,0,1,1,1,1,1,0,1,1,0,0,1,1,1,1,0,1,1,0,0,1,1,0,0,1,1,0,0,0,0,0,0,0,0
hmcts,fact-admin,0,0,0,1,1,1,0,0,1,0,1,1,0,0,0,0,0,1,0,0,1,0,0,1,1,0,1,1,0,0,1,0,0,0,0,0,0,0,0,0
hmcts,probate-pa-make-a-will-prototype,0,1,1,1,0,1,0,1,0,0,0,1,0,1,1,1,0,1,0,1,1,0,0,0,0,1,1,0,0,1,0,1,0,0,0,0,0,0,0,0
hmcts,rpx-xui-manage-organisations,0,1,0,1,0,1,0,1,1,1,1,1,0,1,1,0,0,1,1,1,0,0,0,1,1,1,1,1,1,0,1,1,0,0,0,0,0,0,0,0
UKHomeOffice,rotm,0,0,0,0,0,0,0,0,1,0,0,0,0,0,0,0,0,0,0,0,0,0,0,0,1,0,0,0,0,0,0,1,0,0,0,0,0,0,0,0
UKHomeOffice,ho-style-asl-prototype,0,1,1,1,0,1,0,1,1,0,1,1,1,0,0,1,0,1,1,1,1,0,0,1,1,1,1,1,1,1,0,1,0,0,0,0,0,0,0,0
UKHomeOffice,HOCS-management-ui-prototype,0,0,1,1,0,0,0,0,0,0,1,1,0,1,1,0,0,1,0,1,1,0,1,1,0,0,1,0,0,0,0,1,0,0,0,0,0,0,0,0
UKHomeOffice,ho-style-prototype-kit,0,0,1,0,0,0,0,0,0,0,0,0,0,0,0,0,0,0,0,0,0,0,0,0,0,0,0,0,0,0,0,1,0,0,0,0,0,0,0,0
UKHomeOffice,reference-data-governance-tool-prototype,0,1,1,1,0,0,0,1,1,0,0,1,0,1,1,1,0,1,1,0,1,1,1,1,1,1,1,1,1,0,0,1,0,0,0,0,0,0,0,0
UKHomeOffice,ref-data-service,0,1,0,1,0,0,0,1,0,1,1,1,0,1,1,1,0,1,1,0,1,1,1,1,0,1,1,1,0,0,0,0,0,1,0,0,0,0,0,0
UKHomeOffice,accessibility-guide,0,0,1,0,0,1,0,0,0,0,0,1,0,0,0,0,0,0,0,0,0,0,0,0,0,0,0,0,0,0,0,1,0,0,0,0,0,0,0,0
UKHomeOffice,frontend-toolkit,0,0,0,0,0,0,0,0,0,0,0,0,0,0,0,0,0,0,0,0,0,0,0,0,0,0,0,0,0,0,0,0,0,0,0,0,0,0,0,0
UKHomeOffice,hmpo-soprasteria,0,0,1,1,0,1,0,1,0,0,0,1,0,1,1,0,0,0,1,0,1,0,0,1,1,0,1,0,0,0,0,1,0,0,0,0,0,0,0,0
UKHomeOffice,cerberus-service,1,1,0,1,0,1,0,1,1,1,1,1,0,1,1,0,0,1,0,1,1,1,1,0,1,1,1,1,1,0,0,0,0,1,0,0,0,0,0,0
UKHomeOffice,DDaT-events,0,0,1,1,0,0,0,0,0,0,0,0,0,0,0,0,0,0,0,0,0,0,0,0,0,0,0,0,0,0,0,1,0,0,0,0,0,0,0,0
UKHomeOffice,ho-ddat-events,0,0,1,1,0,0,0,0,0,0,0,0,0,0,0,0,0,0,0,0,0,0,0,0,0,0,0,0,0,0,0,1,0,0,0,0,0,0,0,0
UKHomeOffice,report-modern-slavery-feature-prototypes,0,1,1,1,0,0,0,0,0,0,0,1,0,0,1,1,0,1,0,1,0,0,1,0,0,0,1,1,0,0,0,1,0,0,0,0,0,0,0,0
UKHomeOffice,cop-product-page,0,0,0,0,0,0,0,0,0,0,0,0,0,0,0,0,0,0,0,0,0,0,0,0,0,0,0,0,0,0,0,0,0,0,0,0,0,0,0,0
UKHomeOffice,home_office_design_kit,1,0,1,1,0,0,0,0,1,0,0,0,0,1,1,0,0,0,0,0,0,0,0,0,1,0,0,0,0,1,0,1,0,0,0,0,0,0,0,1
UKHomeOffice,passports-prototype-v3,1,0,1,1,1,1,0,1,1,0,1,1,1,1,1,1,0,1,1,1,1,0,1,1,0,0,1,0,1,0,1,1,0,0,0,0,0,0,0,0
UKHomeOffice,hocs-frontend,1,1,1,1,1,1,0,1,1,1,1,1,1,1,1,1,0,1,1,1,1,1,0,1,0,1,1,1,0,0,0,0,0,1,0,0,0,0,0,0
UKHomeOffice,hocs-management-ui,0,1,0,1,0,0,0,1,1,1,1,1,1,1,1,1,0,0,1,0,0,0,0,1,0,1,1,1,0,0,0,0,1,0,0,0,0,0,0,0
UKHomeOffice,ukvi-complaints,0,0,0,0,0,0,0,0,1,0,0,0,0,0,0,0,0,0,0,0,0,0,0,0,0,0,0,0,0,0,0,1,0,0,0,0,0,0,0,0
UKHomeOffice,cop-api-poc,0,0,1,1,0,0,0,0,1,0,0,0,0,1,1,0,0,0,1,0,0,1,0,1,1,1,1,0,0,0,0,1,0,0,0,0,0,0,0,0
UKHomeOffice,cop-private-workflow-tasklist,1,1,0,1,0,0,0,1,1,0,1,0,0,1,1,1,0,1,1,0,1,1,1,1,1,1,1,0,1,0,0,0,0,1,0,0,0,0,0,0
UKHomeOffice,sgmr-service,0,1,1,1,0,1,0,1,1,1,1,1,0,1,1,0,0,1,1,1,1,1,1,1,1,1,1,0,0,0,0,0,0,1,0,0,0,0,0,0
UKHomeOffice,ccoe-prototype,1,1,1,1,0,0,0,0,0,0,0,0,0,1,1,0,0,0,1,0,0,1,0,1,1,0,0,0,0,0,0,1,0,0,0,0,0,0,0,0
UKHomeOffice,modern-slavery,0,0,0,1,0,1,0,0,0,0,0,1,0,0,0,1,0,1,0,0,0,0,0,1,0,0,0,0,1,0,0,1,0,0,0,0,0,0,0,1
hmrc,for-frontend,0,1,0,1,1,1,0,0,1,1,1,1,0,1,1,1,1,1,1,1,0,0,1,0,0,0,1,1,1,0,0,1,0,0,0,0,0,0,0,0
hmrc,live-front-door-microservice-prototype,0,1,1,1,1,0,0,1,1,0,0,1,1,1,1,0,0,1,0,1,1,0,1,0,0,0,1,1,0,0,0,1,0,0,0,0,0,0,0,0
hmrc,maintain-comms-prototype,1,1,1,1,0,1,0,0,1,0,1,1,0,1,1,1,0,1,1,1,0,0,1,1,1,0,1,0,0,0,0,1,0,0,0,0,0,0,0,0
hmrc,common-transit-convention-trader-prototype,0,1,1,1,1,0,0,1,0,1,1,1,0,1,1,1,0,1,1,1,1,0,1,1,0,1,1,1,1,1,1,1,0,0,0,0,0,0,0,0
hmrc,tracking-consent-prototype,0,0,1,1,0,0,0,0,0,0,0,0,0,1,1,0,0,0,0,1,0,0,0,0,0,0,0,0,0,0,0,1,0,0,0,0,0,0,0,0
hmrc,tracking-consent-frontend,0,0,0,1,0,0,1,0,0,0,0,1,0,1,1,0,0,0,0,1,0,1,0,1,0,0,0,0,0,0,0,1,0,0,0,0,0,0,0,0
hmrc,user-research-library-prototype,0,1,0,1,0,0,0,0,0,0,1,1,0,0,1,0,0,0,1,0,1,0,0,1,1,0,1,1,0,0,0,1,0,0,0,0,0,0,0,0
hmrc,hmrc-intranet-prototype,0,0,1,1,1,0,0,1,1,0,0,1,0,1,1,0,0,1,0,1,1,0,0,1,1,0,1,1,0,0,0,1,0,0,0,0,0,0,0,0
hmrc,govuk_prototype_kit,0,0,1,0,0,0,0,0,0,0,0,0,0,1,1,0,0,0,0,0,0,0,0,0,0,0,0,0,0,0,0,1,0,0,0,0,0,0,0,0
hmrc,welsh-translation-prototype,0,1,1,1,0,0,0,0,0,0,0,0,0,1,1,0,0,0,0,0,0,0,0,0,0,0,0,1,0,0,0,1,0,0,0,0,0,0,0,0
hmrc,hmrc-frontend,0,1,0,1,0,0,0,0,0,1,0,1,0,1,1,0,0,0,1,1,0,0,0,0,0,0,1,1,0,0,1,1,0,0,0,0,0,0,0,0
hmrc,design-system,0,0,0,1,0,1,0,0,0,0,0,1,0,1,0,1,0,0,0,1,0,0,1,1,0,1,1,0,0,1,1,0,0,0,0,0,0,0,0,0
hmrc,play-frontend-hmrc-mtp-prototype,0,1,1,1,0,0,0,0,0,1,1,1,0,1,1,0,0,1,0,1,0,0,1,0,0,0,1,1,0,0,0,1,0,0,0,0,0,0,0,0
hmrc,ntt-prototype,0,1,1,1,0,0,0,1,0,0,0,1,0,1,1,0,0,0,1,1,0,0,1,0,0,0,1,0,0,1,1,1,0,0,0,0,0,0,0,1
UKForeignOffice,verify-apostille-service,0,0,0,1,0,0,0,1,0,1,1,1,0,1,1,0,0,0,0,1,0,1,1,1,0,0,1,0,0,0,0,0,0,0,0,0,0,0,1,0
UKForeignOffice,lists,0,0,0,1,0,1,1,0,1,1,1,1,0,1,1,0,1,1,1,1,0,1,0,1,0,0,1,0,0,0,1,1,0,0,0,0,0,0,0,0
UKForeignOffice,loi-user-service,0,0,0,1,0,1,0,0,0,0,1,0,0,0,1,0,0,0,1,1,0,0,0,0,0,1,1,0,0,0,0,0,0,0,0,0,0,0,1,0
UKForeignOffice,emergency-alerts-messaging-prototype,1,1,1,1,0,0,0,0,1,0,0,0,0,1,1,0,0,0,0,0,1,0,0,1,1,0,1,1,0,0,0,1,0,0,0,0,0,0,0,0
UKForeignOffice,digital-form-builder-engine,0,0,0,1,0,1,0,1,1,1,1,1,1,0,0,1,0,0,0,1,1,0,0,0,0,0,1,1,0,0,0,1,0,0,0,0,0,0,0,0
UKForeignOffice,travel-alerts-prototype,0,1,1,1,0,1,0,1,1,0,0,1,0,1,1,0,0,1,0,1,1,0,1,0,0,0,1,0,1,0,0,1,0,0,0,0,0,0,0,0
UKForeignOffice,contact-embassy-prototype,1,1,1,1,0,0,1,0,0,0,0,0,0,1,1,0,0,1,0,0,0,0,1,0,0,0,1,1,0,0,0,1,0,0,0,0,0,0,0,0
UKForeignOffice,govuk-content-checker,0,0,1,1,0,0,0,0,0,0,0,0,0,1,1,0,0,0,0,0,0,0,0,0,0,0,0,0,0,0,0,1,0,0,0,0,0,0,0,0
UKForeignOffice,loi-application-service,0,0,0,1,0,1,0,0,1,0,1,1,0,0,1,0,0,0,1,1,1,0,1,0,0,1,1,0,0,0,0,0,0,0,0,0,0,0,1,0
UKForeignOffice,loi-payment-service,0,1,0,1,0,0,0,0,0,0,0,0,0,0,1,0,0,0,1,0,0,0,0,0,0,1,0,0,0,0,0,0,0,0,0,0,0,0,1,0
UKForeignOffice,xgovformbuilder,0,1,0,1,0,1,0,1,1,1,1,1,1,1,1,1,0,1,1,1,1,1,1,1,0,0,1,1,1,0,0,1,1,0,0,0,0,0,0,0
UKForeignOffice,e-apostille-prototype,0,1,1,1,0,0,0,1,1,0,0,1,1,1,1,1,1,1,0,1,0,0,1,1,0,0,1,0,1,0,0,1,0,0,0,0,0,0,0,0
companieshouse,bankrupt-officer-search-web,0,1,0,1,0,0,0,1,0,0,0,1,0,1,1,0,0,0,0,0,0,1,1,1,0,0,1,0,0,0,1,1,0,0,0,0,0,0,0,0
companieshouse,lfp-pay-prototype,0,1,1,1,0,0,0,1,1,1,1,1,0,1,1,1,0,1,1,1,0,0,0,1,0,0,1,0,1,0,0,1,0,0,0,0,0,0,0,0
companieshouse,restricted-word-web,0,1,0,1,0,0,0,0,0,0,1,1,0,1,1,0,0,0,0,1,0,0,1,1,0,0,1,0,0,0,0,1,0,0,0,0,0,0,0,0
companieshouse,ch-accounts-prototype,0,1,1,1,0,1,0,1,1,1,1,1,0,1,1,1,0,1,1,1,0,0,0,1,0,0,1,1,1,1,0,1,0,0,0,0,0,0,0,0
companieshouse,ask-a-user-a-question-prototype,1,0,1,1,0,0,0,0,1,0,0,0,0,1,1,0,0,0,0,0,0,0,0,0,1,0,0,0,0,1,0,1,0,0,0,0,0,0,0,1
companieshouse,single-justice-procedure-prototype,0,1,0,1,0,1,0,0,0,0,1,1,0,1,1,0,0,0,0,0,1,1,0,1,0,1,1,1,0,0,1,1,0,0,0,0,0,0,0,1
companieshouse,dissolution-web,0,1,0,1,0,1,1,0,1,0,0,1,0,1,1,1,0,1,1,1,0,0,1,1,0,1,1,0,1,0,1,0,0,0,0,0,0,0,0,0
companieshouse,certified-docs-prototype,1,1,1,1,0,1,0,0,1,0,1,1,0,1,1,1,0,1,0,0,0,0,1,1,1,1,1,0,0,1,1,1,0,0,0,0,0,0,0,1
companieshouse,payment-service-prototype,0,1,1,1,0,0,0,0,0,0,0,1,0,1,1,0,0,1,1,1,0,0,0,1,0,0,0,0,0,0,0,1,0,0,0,0,0,0,0,0
companieshouse,objections-service-prototype,1,1,1,1,0,1,0,0,1,0,1,1,1,1,1,0,0,1,1,1,0,0,1,1,1,1,1,1,0,1,0,1,0,0,0,0,0,0,0,1
companieshouse,financial-sanctions-search,0,0,0,0,0,0,0,0,0,0,0,0,0,0,0,0,0,0,0,0,0,0,0,0,0,0,0,0,0,0,0,0,0,0,0,0,0,0,0,0
companieshouse,extensions-web,0,1,1,1,0,0,1,1,1,0,1,1,1,1,1,1,0,1,1,1,0,0,1,0,0,0,1,1,0,0,0,1,0,0,0,0,0,0,0,0
companieshouse,upload-a-document-prototype,1,1,1,1,0,0,0,0,1,0,1,1,1,1,1,1,0,1,1,1,0,0,1,1,0,1,1,0,1,0,0,1,0,0,0,0,0,0,0,0
companieshouse,lfp-appeal-prototype,1,1,1,1,0,1,0,1,1,0,1,1,1,1,1,1,0,1,1,1,0,0,1,1,1,0,1,1,0,1,0,1,0,0,0,0,0,0,0,1
companieshouse,dissolution-prototype,0,1,1,1,0,1,0,1,1,0,1,1,0,1,1,1,1,1,1,1,0,0,1,1,0,1,1,0,1,1,0,1,0,0,0,0,0,0,0,0
companieshouse,fes-admin-system-prototype,0,1,1,1,0,0,0,0,1,0,1,1,0,1,1,0,0,0,0,1,0,1,1,1,1,1,1,0,1,0,1,1,0,0,0,0,0,0,0,0
companieshouse,ptf-prototype,1,1,1,1,0,0,0,0,1,0,1,1,0,1,1,1,0,1,1,1,0,0,0,1,1,0,1,1,1,1,0,1,0,0,0,0,0,0,0,1
companieshouse,directors-prototype,0,1,1,1,0,0,0,1,1,0,1,1,0,1,1,1,0,1,1,1,0,0,1,1,1,1,1,0,0,0,0,1,0,0,0,0,0,0,0,0
companieshouse,request-an-auth-code-prototype,0,1,1,1,0,1,0,0,1,0,1,1,0,1,1,1,0,1,1,1,0,0,1,0,0,0,1,0,1,0,0,1,0,0,0,0,0,0,0,0
companieshouse,accessibility-horror-show,0,1,1,1,0,0,0,0,1,0,0,0,0,1,1,0,0,0,0,0,0,1,1,1,0,1,0,0,1,1,0,1,0,0,0,0,0,0,0,0
companieshouse,restricted-words-prototype,0,1,1,1,0,0,0,0,0,0,1,0,0,1,1,0,1,0,0,1,1,0,1,1,0,0,1,0,0,0,0,1,0,0,0,0,0,0,0,0
companieshouse,conf-statement-prototype,1,1,1,1,0,0,0,0,1,0,1,1,0,1,1,1,1,1,1,1,0,0,0,1,1,1,1,0,1,1,0,1,0,0,0,0,0,0,0,1
companieshouse,applications.developer.web.ch.gov.uk,0,1,0,1,0,1,1,0,0,1,1,1,0,1,1,0,0,0,1,1,0,1,1,1,0,1,1,1,0,0,1,0,0,0,0,0,0,0,0,0
companieshouse,filing-reminders-prototype,0,1,1,1,0,0,0,0,1,0,1,0,0,1,1,0,0,1,1,1,0,0,1,0,0,0,1,0,0,0,0,1,0,0,0,0,0,0,0,0
companieshouse,confirmation-statement-web,0,1,0,1,0,0,1,0,1,0,1,1,0,1,1,1,1,0,1,1,0,0,1,0,0,1,0,0,1,1,0,1,0,0,0,0,0,0,0,0
companieshouse,psc-discrepancies.web.ch.gov.uk,0,0,1,1,0,1,1,0,1,1,1,1,0,1,1,1,0,1,1,1,0,1,1,0,0,1,1,1,0,0,1,0,0,0,0,0,0,0,0,0
companieshouse,orders.web.ch.gov.uk,0,1,0,1,0,0,1,0,0,0,0,0,0,1,1,1,0,1,0,0,0,1,1,1,0,0,0,0,0,0,1,1,0,0,0,0,0,0,0,0
companieshouse,ch-account-prototype,0,1,1,1,0,1,0,0,1,0,1,1,0,1,1,1,0,0,0,1,0,0,1,1,0,0,1,0,0,0,0,1,0,0,0,0,0,0,0,0
companieshouse,lfp-extensions-prototype,1,1,1,1,0,0,0,1,1,0,1,1,1,1,1,1,0,1,1,1,0,0,1,0,1,0,1,1,0,1,0,1,0,0,0,0,0,0,0,1
companieshouse,ocp-prototype,0,1,1,1,0,0,0,0,1,0,1,0,0,1,1,1,0,0,1,0,0,0,0,1,0,0,1,0,0,0,0,1,0,0,0,0,0,0,0,0
companieshouse,ch-design-system,0,0,1,0,0,0,0,0,0,0,0,0,0,1,1,0,0,0,0,0,0,0,0,0,0,0,0,0,0,0,0,1,0,0,0,0,0,0,0,0
companieshouse,efl-internal-prototype,0,1,1,1,0,0,0,0,1,0,0,1,0,1,1,0,0,0,0,1,0,0,1,1,1,0,1,0,0,0,0,1,0,0,0,0,0,0,0,0
companieshouse,revoke-access-token-service-prototype,0,1,1,1,0,0,0,0,0,0,0,0,0,1,1,0,0,0,0,0,0,0,0,1,0,0,1,0,0,0,0,1,0,0,0,0,0,0,0,0
companieshouse,lfp-appeals-frontend,0,1,1,1,0,0,1,0,1,0,1,1,1,1,1,0,0,0,1,1,0,0,1,1,0,0,1,1,0,0,1,0,0,0,0,0,0,0,0,0
companieshouse,set-up-a-company-prototype,0,1,1,1,0,1,0,1,1,0,0,1,1,1,1,1,0,0,0,1,0,0,1,1,0,0,1,0,1,0,0,1,0,0,0,0,0,0,0,0
companieshouse,node-web-starter,0,0,0,0,0,0,0,0,0,0,0,0,0,0,0,0,0,0,0,0,0,0,0,0,0,0,0,0,0,0,0,0,0,0,0,0,0,0,0,0
companieshouse,transaction-search-tool,0,1,0,1,0,0,0,0,1,1,0,1,0,0,1,0,0,0,0,0,0,0,1,0,0,0,1,0,0,0,0,1,0,0,0,0,0,0,0,0
companieshouse,order-a-certificate-prototype,1,1,1,1,0,1,0,0,1,0,1,1,0,1,1,1,0,1,0,0,0,0,1,1,1,1,1,0,0,1,1,1,0,0,0,0,0,0,0,1
companieshouse,suppression-web,0,1,0,1,0,0,0,0,1,0,0,1,0,1,1,1,0,1,1,1,0,0,1,1,0,0,1,0,1,0,1,0,0,0,0,0,0,0,0,0
companieshouse,search.web.ch.gov.uk,0,1,1,1,0,1,1,0,0,0,1,1,0,1,1,0,0,0,0,1,0,1,0,1,0,0,1,0,0,0,1,1,0,0,0,0,0,0,0,0
companieshouse,statement-of-capital-prototype-,0,1,1,1,0,0,0,1,1,0,1,1,1,1,1,1,0,1,1,1,0,0,1,1,1,1,1,1,0,0,0,1,0,0,0,0,0,0,0,0
companieshouse,api-filing-service-prototype,0,1,0,1,0,1,0,0,0,0,1,1,0,1,1,0,0,0,1,1,0,0,1,1,0,0,1,1,0,0,0,1,0,0,0,0,0,0,0,0
companieshouse,ad-hoc-prototypes,0,1,1,1,0,1,0,1,1,0,0,1,0,1,1,1,0,0,1,1,0,0,0,1,0,1,1,0,0,0,0,1,0,0,0,0,0,0,0,0
companieshouse,strike-off-objections-web,0,1,0,1,0,0,1,0,1,0,1,1,1,1,1,0,0,1,1,1,0,0,1,0,0,0,1,1,0,0,0,1,0,0,0,0,0,0,0,0
companieshouse,ch-account-ui,0,0,0,0,0,0,0,0,0,0,0,0,0,0,0,0,0,0,0,0,0,0,0,0,0,0,0,0,0,0,0,0,0,0,0,0,0,0,0,0
companieshouse,insolvency-prototype,0,1,1,1,0,0,0,0,1,0,0,1,0,1,1,0,0,1,1,1,0,0,1,1,1,1,1,0,0,1,0,1,0,0,0,0,0,0,0,0
companieshouse,certificates.orders.web.ch.gov.uk,0,1,0,1,0,1,1,0,0,0,1,1,0,1,1,1,0,0,0,1,0,1,1,1,0,0,1,0,0,0,1,1,0,0,0,0,0,0,0,0
companieshouse,fds-prototype,1,1,1,1,0,0,0,0,1,0,1,0,0,1,1,1,0,0,1,0,0,0,0,1,0,0,1,0,0,0,0,1,0,0,0,0,0,0,0,0
companieshouse,5mld-prototype,0,1,1,1,0,1,0,0,1,0,0,1,0,1,1,0,0,1,1,1,0,0,1,0,0,0,1,1,0,0,0,1,0,0,0,0,0,0,0,0
companieshouse,search-bankrupt-directors-prototype,0,1,1,1,0,0,0,1,0,1,1,1,0,1,1,0,0,0,0,0,0,0,1,1,0,0,1,0,0,0,0,1,0,0,0,0,0,0,0,0
companieshouse,accounts-upload-prototype,0,1,1,1,0,0,0,0,1,0,1,0,1,1,1,0,0,1,0,0,0,0,0,1,0,0,1,0,0,0,0,1,0,0,0,0,0,0,0,0
companieshouse,promise-to-file-web,0,1,1,1,0,0,1,0,1,0,1,1,0,1,1,1,0,1,1,1,0,0,1,0,0,0,1,0,1,0,0,1,0,0,0,0,0,0,0,0
companieshouse,suppress-my-details-prototype,0,1,1,1,0,0,0,1,1,0,1,1,0,1,1,1,0,1,1,1,0,0,1,1,1,0,1,0,1,0,0,1,0,0,0,0,0,0,0,0
companieshouse,sicsearch,0,0,0,0,0,0,0,0,0,0,0,0,0,0,0,0,0,0,0,0,0,0,0,0,0,0,0,0,0,0,0,0,0,0,0,0,0,0,0,0
ministryofjustice,laa-apply-for-legal-aid,1,0,0,1,0,1,0,1,1,1,1,1,0,1,1,1,0,1,1,1,0,1,1,1,0,1,1,0,1,1,0,0,0,0,1,0,0,0,0,0
ministryofjustice,pfs-hub-asset-fe,0,0,0,0,0,0,0,0,0,0,0,0,0,0,1,0,0,0,0,0,1,0,0,1,0,0,0,0,0,0,0,1,0,0,0,0,0,0,0,0
ministryofjustice,laa-great-ideas,0,0,0,1,0,1,0,1,0,1,1,0,0,1,1,0,0,0,1,0,1,1,0,1,1,1,1,1,0,0,0,0,0,0,1,0,0,0,0,0
ministryofjustice,hmpps-audit-ui,0,0,1,0,0,0,0,0,0,0,0,0,0,0,1,0,0,0,0,0,0,0,0,0,0,0,0,0,0,0,1,0,0,0,0,0,0,0,0,0
ministryofjustice,moj-intranet-prototype,0,0,1,1,0,0,0,0,0,0,0,0,0,1,1,0,0,0,1,0,1,0,0,0,0,1,1,0,0,0,0,1,0,0,0,0,0,0,0,0
ministryofjustice,book-a-prison-visit-prototype,1,1,1,1,0,1,0,1,1,0,0,1,0,1,1,0,0,1,0,1,1,0,1,1,1,0,1,1,0,0,0,1,0,0,0,0,0,0,0,0
ministryofjustice,prisoner-categorisation-tool-ruby,0,1,0,1,0,0,0,0,0,0,0,1,0,1,1,0,0,0,1,1,0,1,0,1,0,1,1,1,0,0,0,0,0,0,1,0,0,0,0,0
ministryofjustice,risk-assessment-prototyping,0,1,1,1,0,1,0,1,1,0,0,1,0,1,1,0,0,0,0,1,0,0,0,1,0,1,1,1,0,0,1,1,0,0,0,0,0,0,0,0
ministryofjustice,ndelius-prototype,1,1,0,1,0,1,0,1,1,1,1,1,0,0,0,0,0,1,1,1,0,0,0,1,0,1,1,1,1,0,0,1,0,0,0,0,0,0,0,0
ministryofjustice,c100-application,0,1,0,1,0,1,1,1,1,1,1,1,0,1,1,1,1,1,1,1,0,1,1,1,1,1,1,1,1,0,0,1,0,0,1,0,0,0,0,0
ministryofjustice,hmpps-risk-assessment-ui,0,1,0,1,1,1,0,1,0,1,1,1,0,1,1,1,0,1,0,1,1,0,1,1,0,1,1,0,0,1,1,0,0,0,0,0,0,0,0,0
ministryofjustice,laa-court-data-ui,1,0,0,1,0,0,0,0,1,1,1,0,0,1,1,0,0,0,1,0,0,1,1,1,0,1,0,0,1,0,0,0,0,0,0,0,0,1,0,0
ministryofjustice,sentence-planning,0,1,0,1,1,1,0,1,0,1,1,1,0,1,0,1,0,0,1,1,0,0,1,1,1,0,1,1,1,1,1,0,0,0,0,0,0,0,0,0
ministryofjustice,fb-runner,0,0,0,0,0,0,0,0,0,0,0,0,0,0,0,0,0,0,0,0,0,0,0,0,0,0,0,0,0,0,0,0,0,0,0,0,0,0,0,0
ministryofjustice,prison-services-feedback-and-support,0,1,0,1,0,0,0,0,1,0,1,0,0,0,0,0,0,0,0,1,0,0,0,0,0,0,0,0,0,0,1,0,0,0,0,0,0,0,0,0
ministryofjustice,hmpps-registers,0,1,1,1,0,1,0,0,1,0,1,1,0,0,1,0,0,1,0,1,1,0,1,1,0,0,1,0,0,0,1,0,0,0,0,0,0,0,0,0
ministryofjustice,hmpps-book-secure-move-frontend,0,1,1,1,0,1,0,0,1,0,1,1,1,1,0,1,0,1,0,0,0,0,1,1,1,1,0,0,1,1,1,0,0,0,0,0,0,0,0,0
ministryofjustice,sentence-plan-prototype,1,1,1,1,1,1,0,1,1,0,0,1,0,1,1,1,0,0,0,1,1,0,1,1,1,1,1,0,0,1,0,1,0,0,0,0,0,0,0,1
ministryofjustice,opg-sirius-lpa-dashboard,0,0,0,0,0,0,0,0,0,0,0,0,0,0,0,0,0,0,0,0,0,0,0,0,0,0,0,0,0,0,0,0,0,0,0,0,0,0,0,0
ministryofjustice,access-to-probation,0,1,1,1,0,1,0,0,1,0,0,1,0,1,0,0,0,1,0,1,1,0,1,1,0,1,1,0,1,0,0,1,0,0,0,0,0,0,0,0
ministryofjustice,fala,0,0,0,1,0,1,0,0,0,1,1,1,0,1,1,0,0,0,1,0,0,1,0,0,0,1,1,0,1,0,0,1,0,0,0,0,0,0,0,0
ministryofjustice,hmpps-manage-assess-risks-and-needs,0,0,1,1,1,1,0,1,0,1,0,0,0,0,1,1,0,0,0,1,1,0,0,1,0,0,1,0,0,0,1,0,0,0,0,0,0,0,0,0
ministryofjustice,prisoner-content-hub-frontend,0,1,1,1,0,1,0,0,1,1,1,1,0,1,1,1,0,1,0,1,1,1,1,1,1,0,1,1,1,0,1,1,0,0,0,0,0,0,0,0
ministryofjustice,prisonstaffhub,1,1,1,1,1,1,0,1,1,1,1,1,1,1,0,1,0,1,0,1,1,0,1,1,1,1,1,1,1,0,1,0,0,0,0,0,0,0,0,0
ministryofjustice,hmpps-interventions-ui,0,1,1,1,0,1,0,1,1,1,1,1,0,1,1,1,1,1,1,1,1,0,1,1,1,1,1,1,0,1,1,0,0,0,0,0,0,0,0,0
ministryofjustice,interventions-catalogue-ui,0,0,0,1,0,0,0,0,0,0,0,0,0,0,1,0,0,1,0,0,0,0,1,1,0,0,0,0,0,0,1,1,0,0,0,0,0,0,0,0
ministryofjustice,manage-key-workers,0,0,1,1,0,0,0,0,0,0,1,1,0,1,0,1,0,0,0,1,1,0,0,1,0,1,1,0,0,0,1,0,0,0,0,0,0,0,0,0
ministryofjustice,hmpps-monitor-prisoner-money-prototype,0,1,1,1,0,1,0,1,1,1,1,1,0,1,1,1,1,1,1,1,1,1,0,1,1,0,1,1,0,0,1,1,0,0,0,0,0,0,0,0
ministryofjustice,hmcts-standard-operating-controls-prototype,0,1,1,1,0,1,0,0,1,0,0,1,0,1,0,0,0,1,1,1,0,0,1,1,0,1,1,1,1,1,0,1,0,0,0,0,0,0,0,0
ministryofjustice,moving-people-safely,0,0,1,1,0,0,0,0,0,0,0,0,0,1,1,1,0,0,1,1,0,0,0,1,0,1,1,0,1,0,0,0,0,0,0,1,0,0,0,0
ministryofjustice,cookie-compliance-for-wordpress,0,0,0,0,0,0,0,0,0,0,0,0,0,0,0,0,0,0,0,0,0,0,0,0,0,0,0,0,0,0,0,0,0,0,0,0,0,0,0,0
ministryofjustice,laa-ruby-learning-film-db,0,0,0,0,0,0,0,0,0,0,1,0,0,1,1,0,0,0,1,0,0,1,0,0,0,1,0,0,1,0,0,0,0,0,1,0,0,0,0,0
ministryofjustice,check-my-diary,0,1,0,1,0,0,0,0,0,1,1,1,0,1,0,0,0,0,1,1,1,0,0,0,0,1,1,0,0,0,0,0,0,0,0,0,0,0,1,0
ministryofjustice,manage-recalls-ui,0,0,1,1,0,0,0,0,0,0,0,0,0,0,1,0,0,0,0,0,0,0,0,1,0,0,1,0,0,0,1,0,0,0,0,0,0,0,0,0
ministryofjustice,hmpps-interventions-add-find-prototype,0,0,1,1,0,0,0,0,0,0,0,0,0,1,1,1,0,0,0,0,1,0,1,0,1,0,1,0,0,0,0,1,0,0,0,0,0,0,0,0
ministryofjustice,ttg-site,0,1,1,1,0,0,0,1,0,0,1,1,0,0,1,0,0,0,0,1,1,0,0,0,0,1,1,1,0,1,0,1,0,0,0,0,0,0,0,0
ministryofjustice,Interactive-Probation-Map,0,0,0,0,0,0,0,0,0,0,0,0,0,0,0,0,0,0,0,0,0,0,0,0,0,0,0,0,0,0,0,0,0,0,0,0,0,0,0,0
ministryofjustice,hmpps-template-typescript,0,0,1,0,0,0,0,0,0,0,0,0,0,0,1,0,0,0,0,0,0,0,0,0,0,0,0,0,0,0,1,0,0,0,0,0,0,0,0,0
ministryofjustice,record-a-goose-sighting,0,1,1,1,0,0,0,1,1,0,0,1,0,1,1,1,0,1,0,1,0,0,1,0,0,0,1,0,0,0,0,1,0,0,0,0,0,0,0,0
ministryofjustice,allocation-prototype,0,1,1,1,0,1,0,0,0,0,1,1,0,1,1,0,0,0,1,0,1,0,0,1,1,1,1,1,0,0,0,1,0,0,0,0,0,0,0,0
ministryofjustice,planet-fm,0,1,1,1,0,1,0,0,0,0,0,1,0,0,1,0,0,0,0,1,1,0,0,1,0,1,1,1,0,1,0,1,0,0,0,0,0,0,0,0
ministryofjustice,opg-sirius-user-management,0,0,0,0,0,0,0,0,0,0,0,0,0,0,0,0,0,0,0,0,0,0,0,0,0,0,0,0,0,0,0,0,0,0,0,0,0,0,0,0
ministryofjustice,probation-court-prototype,0,0,0,0,0,0,0,0,0,0,0,0,0,0,0,0,0,0,0,0,0,0,0,0,0,0,0,0,0,0,0,0,0,0,0,0,0,0,0,0
ministryofjustice,fb-editor,0,0,0,1,0,1,0,0,1,1,1,1,0,1,1,1,0,1,0,1,0,1,0,0,0,0,1,1,0,0,0,0,0,0,1,0,0,0,0,0
ministryofjustice,cla_public,0,1,0,1,1,1,0,0,1,1,1,1,0,1,1,1,1,1,1,1,1,1,1,1,0,1,1,1,1,0,0,1,0,0,0,0,0,0,0,0
ministryofjustice,disclosure-checker,0,1,0,1,0,1,0,1,1,1,1,1,0,1,1,1,0,0,1,1,0,1,1,1,1,1,1,0,0,0,0,1,0,0,1,0,0,0,0,0
ministryofjustice,pfs-hub-fe,0,0,0,0,0,0,0,0,0,0,0,0,0,0,0,0,0,0,0,0,0,0,0,0,0,0,0,0,0,0,0,0,0,0,0,0,0,0,0,0
ministryofjustice,hmpps-book-video-link,1,1,1,1,0,1,0,1,1,1,1,1,0,1,0,1,0,1,0,1,1,0,1,1,0,0,1,1,0,0,1,0,0,0,0,0,0,0,0,0
ministryofjustice,ndelius-new-tech,0,1,0,1,0,1,0,1,1,1,1,1,0,0,0,0,0,1,1,1,1,0,0,1,0,1,1,1,1,0,0,1,0,0,0,0,0,0,0,0
ministryofjustice,staff-device-dns-dhcp-admin,0,0,1,1,0,0,0,0,0,0,1,0,0,1,1,1,0,0,1,0,1,1,1,1,0,1,1,0,1,0,0,0,0,0,1,0,0,0,0,0
ministryofjustice,moj-childrens-funeral-fund-prototype,0,0,1,1,0,0,0,0,0,0,0,0,0,1,1,0,0,0,0,0,0,0,0,0,0,1,0,0,0,0,0,1,0,0,0,0,0,0,0,0
ministryofjustice,offender-categorisation,0,1,1,1,1,0,0,0,1,1,1,0,0,1,1,1,0,1,0,1,1,0,1,1,1,1,1,1,1,1,0,1,0,0,0,0,0,0,0,0
ministryofjustice,hmpps-workforce-prototype,0,1,1,1,0,1,0,1,1,1,1,1,0,1,1,0,1,1,0,1,1,0,1,1,1,1,1,1,1,0,0,1,0,0,0,0,0,0,0,0
ministryofjustice,fb-components,0,0,0,1,0,0,0,0,0,0,1,0,1,1,0,0,0,1,0,0,0,0,1,0,0,0,0,0,0,0,1,1,0,0,0,0,0,0,0,0
ministryofjustice,moj-register-of-services,0,1,0,0,0,0,0,0,0,0,0,0,0,1,1,0,0,0,1,0,0,0,0,0,0,1,0,0,0,0,0,1,0,0,0,0,0,0,0,0
ministryofjustice,Claim-for-Crown-Court-Defence,0,0,0,1,0,0,1,0,0,0,1,1,0,1,1,0,1,0,0,0,0,1,1,1,0,0,0,0,0,0,0,1,0,0,0,0,0,1,0,0
ministryofjustice,hmpps-interventions-prototype,1,1,1,1,0,1,0,1,1,0,1,1,0,1,1,1,0,1,1,1,1,0,1,1,1,1,1,1,1,1,0,1,0,0,0,0,0,0,0,0
ministryofjustice,moj-frontend,0,1,0,1,0,1,0,1,1,1,1,1,1,1,1,0,0,0,1,1,0,0,1,1,0,1,1,1,0,1,1,1,0,0,0,0,0,0,0,1
ministryofjustice,moj-form-builder-prototype,0,1,1,1,0,0,0,0,1,0,1,1,0,1,1,0,0,0,0,1,1,0,1,1,0,0,1,1,0,0,0,1,0,0,0,0,0,0,0,0
ministryofjustice,moj-design-system,0,0,0,1,0,1,0,1,1,0,1,1,1,1,1,0,1,0,1,1,0,0,1,1,0,1,1,1,0,0,0,1,0,0,0,0,0,0,0,1
ministryofjustice,moj-nodejs-boilerplate,0,0,0,0,0,0,0,0,0,0,0,0,0,1,0,0,0,0,0,0,0,0,0,0,0,0,0,0,0,0,1,0,0,0,0,0,0,0,0,0
ministryofjustice,hmpps-send-money-to-a-prisoner-prototype,1,1,1,1,0,0,0,1,0,1,1,1,0,1,1,1,0,1,1,1,0,0,0,1,0,0,1,1,0,0,0,1,0,0,0,0,0,0,0,0
ministryofjustice,manage-hmpps-auth-accounts,0,0,1,1,0,1,0,0,0,0,1,0,0,1,0,0,0,1,0,0,1,0,0,1,0,1,1,0,0,0,1,0,0,0,0,0,0,0,0,0
ministryofjustice,tax-tribunals-datacapture,1,1,0,1,0,0,1,0,1,1,1,1,1,1,1,0,1,1,1,0,1,1,0,1,0,1,1,1,1,0,0,0,0,0,1,0,0,0,0,0
ministryofjustice,circle-radiator,0,0,0,0,0,0,0,0,0,0,0,0,0,0,0,0,0,0,0,0,0,0,0,0,0,0,0,0,0,0,0,0,0,0,0,0,0,0,0,0
ministryofjustice,moj-ds-accessibility-audit,0,1,1,1,0,1,0,1,1,0,1,1,1,1,0,0,0,0,0,1,0,0,1,1,1,1,1,1,0,1,0,1,0,0,0,0,0,0,0,0
ministryofjustice,product-portfolio-app-frontend,0,0,0,0,0,0,0,0,0,0,0,0,0,0,0,0,0,0,0,0,0,0,0,0,0,0,0,0,0,0,0,0,0,0,0,0,0,0,0,0
ministryofjustice,prepare-a-case,1,1,0,1,0,1,1,0,1,1,1,1,0,1,0,1,1,0,1,1,0,1,1,1,1,0,1,0,0,0,1,0,0,0,0,0,0,0,0,0
ministryofjustice,fb-components-core,0,0,0,1,0,0,0,0,0,1,1,1,1,1,1,0,0,1,1,0,0,0,1,0,0,0,0,0,0,0,1,1,0,0,0,0,0,0,0,0
ministryofjustice,jason-demo,0,0,1,0,0,0,0,0,0,0,0,0,0,1,1,0,0,0,0,0,0,0,0,0,0,0,0,0,0,0,0,1,0,0,0,0,0,0,0,0
ministryofjustice,offender-management-allocation-manager,1,1,1,1,0,1,0,0,0,1,1,1,0,1,1,1,0,1,1,1,1,0,1,1,1,1,1,1,1,0,0,1,0,0,1,0,0,0,0,0
ministryofjustice,comparison-table-prototypes,1,0,1,0,0,0,0,0,1,0,0,0,0,1,1,0,0,0,0,0,0,0,0,1,0,0,0,0,0,0,0,1,0,0,0,0,0,0,0,0
ministryofjustice,form-app-starter,0,1,1,1,0,0,0,1,0,0,1,1,0,0,1,0,0,0,0,1,1,0,0,0,0,1,1,1,0,1,0,1,0,0,0,0,0,0,0,0
ministryofjustice,moj-form-builder-product-prototype,0,0,1,1,0,0,0,0,0,0,0,1,0,1,1,0,0,1,1,1,0,0,0,0,0,0,1,0,0,0,0,1,0,0,0,0,0,0,0,0
ministryofjustice,opg-sirius-workflow,0,0,0,0,0,0,0,0,0,0,0,0,0,0,0,0,0,0,0,0,0,0,0,0,0,0,0,0,0,0,0,0,0,0,0,0,0,0,0,0
ministryofjustice,wmt-web,0,0,1,1,0,0,0,1,1,1,1,1,0,1,1,0,1,0,0,1,1,0,0,1,0,0,1,1,0,0,0,1,0,0,0,0,0,0,0,0
ministryofjustice,fb-editor-console-electron,0,1,0,1,0,1,0,0,1,1,1,0,0,0,1,0,0,0,0,0,0,1,0,1,1,0,1,0,0,0,0,1,0,0,0,0,0,0,0,0
ministryofjustice,wp-hale,0,0,0,0,0,0,0,0,0,0,0,0,0,0,0,0,0,0,0,0,0,0,0,0,0,0,0,0,0,0,0,0,0,0,0,0,0,0,0,0
ministryofjustice,moj-prototype-template,0,0,1,0,0,0,0,0,0,0,0,0,0,1,1,0,0,0,0,0,0,0,0,0,0,0,0,0,0,0,0,1,0,0,0,0,0,0,0,0
ministryofjustice,analytics-platform-control-panel-public,0,0,1,1,0,1,0,0,0,1,1,1,0,1,1,0,0,0,0,1,1,1,0,1,0,1,1,1,1,0,0,1,0,0,0,0,0,0,0,0
ministryofjustice,record-a-goose-exercise,0,1,1,1,0,0,0,1,1,0,0,1,0,1,1,1,0,1,0,1,0,0,1,0,0,0,1,0,0,0,0,1,0,0,0,0,0,0,0,0
ministryofjustice,prepare-probation-courtcases,0,1,0,1,0,0,0,0,0,0,1,0,0,0,1,0,0,0,1,0,0,0,0,1,0,0,0,0,0,0,1,0,0,0,0,0,0,0,0,0
ministryofjustice,use-of-force,0,1,1,1,0,1,0,1,1,1,1,1,0,0,1,1,0,1,0,1,1,0,1,1,1,1,1,1,0,1,1,1,0,0,0,0,0,0,0,0
ministryofjustice,ttg-prototype,0,1,1,1,0,1,0,0,1,1,1,1,0,1,1,1,0,1,0,1,0,0,1,1,0,1,1,0,1,1,0,1,0,0,0,0,0,0,0,0
ministryofjustice,hmpps-manage-supervisions-prototype,0,1,1,1,0,1,0,1,1,0,0,1,1,1,1,1,1,1,0,1,1,0,1,1,1,1,1,1,1,1,1,1,0,0,0,0,0,0,0,0
ministryofjustice,formbuilder-product-page,0,0,0,1,0,0,0,0,0,0,0,0,0,1,1,0,0,0,0,0,0,1,0,0,0,0,0,0,0,0,0,0,0,0,1,0,0,0,0,0
ministryofjustice,manage-offenders-prototypes,0,1,1,0,0,0,0,0,0,0,0,0,0,1,1,0,0,0,1,0,0,0,0,1,0,0,0,0,0,0,0,1,0,0,0,0,0,0,0,0
uktrade,tamato,0,0,0,0,0,0,0,0,0,0,0,0,0,0,0,0,0,0,0,0,0,0,0,0,0,0,0,0,0,0,0,0,0,0,0,0,0,0,0,0
uktrade,export-support,1,0,0,1,0,1,0,0,0,1,1,1,0,1,1,1,0,0,1,1,0,1,0,1,0,1,0,0,0,0,0,1,0,0,0,0,0,0,0,0
uktrade,market-access-python-frontend,0,1,0,1,1,1,0,1,1,1,1,1,1,1,0,1,0,0,0,1,1,1,0,1,0,1,1,1,1,0,0,1,0,0,0,0,0,0,0,0
uktrade,trade-tariff-reference,0,1,0,1,0,1,0,1,0,1,1,1,0,1,1,0,0,0,1,0,0,1,0,1,0,1,1,0,0,0,0,1,0,0,0,0,0,0,0,0
uktrade,data-hub-frontend,0,0,1,1,0,1,0,1,1,0,0,1,0,0,0,0,0,0,0,1,1,1,0,0,1,0,1,1,0,0,1,0,0,1,0,0,0,0,0,0
uktrade,lite-prototype,0,1,1,1,0,1,0,0,1,0,0,1,1,1,1,1,0,1,1,1,1,0,1,1,1,1,1,1,1,1,0,1,0,0,0,0,0,0,0,0
uktrade,dit-contact-forms,0,1,0,1,1,1,0,0,0,1,1,1,0,1,1,1,0,0,1,1,0,1,0,1,0,1,1,1,1,0,0,1,0,0,0,0,0,0,0,0
uktrade,digital-form-builder,0,1,0,1,0,1,0,1,1,1,1,1,1,1,1,1,0,1,1,1,1,1,1,1,0,0,1,1,1,0,0,1,1,0,0,0,0,0,0,0
uktrade,fido,0,0,1,1,0,1,0,0,0,1,1,0,0,1,1,0,0,0,0,0,0,1,1,1,1,1,0,0,1,0,0,1,0,0,0,0,0,0,0,0
uktrade,update-supply-chain-information,1,0,1,1,0,0,0,1,0,1,1,1,0,1,1,1,1,1,1,1,0,1,1,1,0,1,0,0,1,1,0,1,0,0,0,0,0,0,0,0
uktrade,api-catalogue,0,0,0,0,0,0,0,0,0,0,0,0,0,1,1,0,0,0,0,0,0,1,0,0,0,1,1,0,0,0,0,0,0,0,1,0,0,0,0,0
uktrade,peoplefinder,0,0,1,1,0,1,0,0,1,1,0,1,0,1,1,1,0,0,0,0,1,1,1,1,1,0,0,1,1,0,0,0,0,0,0,1,0,0,0,0
uktrade,return-to-office,0,1,0,1,0,1,0,0,0,1,1,1,0,1,1,1,0,1,0,1,0,1,1,0,0,0,1,1,0,0,0,1,0,0,0,0,0,0,0,0
uktrade,approval-firebreak,0,1,0,1,0,1,1,0,1,1,1,0,0,1,1,1,0,0,1,0,0,1,1,1,0,1,0,0,0,0,0,1,0,0,0,0,0,0,0,0
uktrade,market-access-public-frontend,0,0,1,1,1,0,0,0,0,1,0,1,0,1,1,0,1,0,1,1,0,1,1,1,0,1,0,1,0,0,0,1,0,0,0,0,0,0,0,0
uktrade,ukdse-events,1,1,0,1,1,1,0,0,0,1,1,0,0,1,0,0,0,0,0,1,1,1,1,1,1,0,1,1,1,0,0,1,0,1,0,0,0,0,0,0
uktrade,data-store-service,0,0,0,1,0,0,0,0,0,1,1,1,0,1,1,0,0,1,1,1,1,1,0,1,0,1,0,0,1,0,0,1,0,0,0,0,0,0,0,0
uktrade,data-science-frontend,0,0,0,1,0,1,0,0,1,0,0,0,0,1,0,0,0,0,1,0,1,1,0,1,0,0,1,0,0,0,1,0,0,0,0,0,0,0,0,0
uktrade,govuk-design-system,1,1,1,1,1,1,0,1,1,1,1,1,1,1,1,1,0,1,1,1,1,1,1,1,1,1,1,1,1,1,1,0,0,0,0,0,0,0,0,0
uktrade,market-access-frontend,0,1,0,1,1,0,0,1,0,1,1,1,1,1,0,1,0,0,0,1,1,0,0,0,0,0,1,1,1,0,1,0,0,0,0,0,0,0,0,0
uktrade,data-hub-helpcentre,0,0,1,0,0,0,0,0,0,0,0,0,0,1,1,0,0,0,1,0,0,1,0,0,0,1,1,0,0,0,0,1,0,0,0,0,0,0,0,0
uktrade,enquiry-mgmt-tool,0,1,0,1,0,1,0,0,1,0,1,1,1,1,1,1,0,0,0,0,1,1,1,0,0,1,1,1,1,0,0,1,0,0,0,0,0,0,0,0
uktrade,data-store-uploader,0,0,0,0,0,0,0,0,0,0,0,0,0,0,0,0,0,0,0,0,0,0,0,0,0,0,0,0,0,0,0,0,0,0,0,0,0,0,0,0
uktrade,dit-helpdesk,1,1,0,1,1,1,0,0,1,1,1,1,0,1,1,1,0,0,1,1,1,1,1,1,1,1,1,1,1,0,0,1,0,0,0,0,0,0,0,0
uktrade,data-hub-helpdesk,0,0,1,0,0,0,0,0,0,0,0,0,0,1,1,0,0,0,1,0,0,1,0,0,0,1,1,0,0,0,0,1,0,0,0,0,0,0,0,0
uktrade,digital-workspace-v2,1,0,1,1,0,1,0,0,1,1,1,1,0,1,1,1,1,0,1,0,0,1,1,1,0,1,1,1,1,0,0,1,0,0,0,0,0,0,0,0
uktrade,data-explorer,1,1,0,1,0,0,0,0,0,1,1,1,0,1,1,0,0,0,1,0,1,1,0,1,1,1,1,1,1,0,0,1,0,0,0,0,0,0,0,0
uktrade,exporter-lite-prototype,0,1,1,1,0,0,0,0,1,0,0,1,1,1,1,1,0,1,1,1,1,0,1,1,1,1,1,1,0,1,0,1,0,0,0,0,0,0,0,0
uktrade,investment-projects-prototype,0,0,0,1,0,1,0,1,1,0,1,1,0,0,1,0,0,0,0,1,1,0,0,0,1,1,1,1,0,1,1,1,0,0,0,0,0,0,0,0
publichealthengland,coronavirus-dashboard,0,0,0,0,0,0,0,0,0,0,0,0,0,0,0,0,0,0,0,0,0,0,0,0,0,0,0,0,0,0,0,0,0,0,0,0,0,0,0,0
publichealthengland,nsc-recommendationsp,0,1,0,1,1,1,1,1,0,1,1,1,0,1,1,0,1,1,1,1,1,1,1,1,0,1,1,1,1,1,0,1,0,0,0,0,0,0,0,0
